{
"lengthUnit": "mil",
"remark": [],
"components": {
	"fields": ["COMPONENT_NO", "COMPONENT_NAME", "LAYER", "X_COORDINATE", "Y_COORDINATE", "ANGLE"],
	"rows": [
		[1, "D1", "B", -750, -770, 90],
		[2, "D2", "B", 0, -770, 90],
		[3, "D3", "B", 750, -770, 90],
		[4, "D4", "B", 1500, -770, 90],
		[5, "D5", "B", -750, -1520, 90],
		[6, "D6", "B", 0, -1520, 90],
		[7, "D7", "B", 750, -1520, 90],
		[8, "D8", "B", 1500, -1520, 90],
		[9, "D9", "B", -750, -2270, 90],
		[10, "D10", "B", 0, -2270, 90],
		[11, "D11", "B", 750, -2270, 90],
		[12, "D12", "B", 1500, -2270, 90],
		[13, "D13", "B", 1201.973, -290.284, 180],
		[14, "D14", "B", 1200, -160, 180],
		[15, "H1", "T", 130, 590, 180],
		[16, "H2", "T", 620, -50, 270],
		[17, "H4", "T", 730, -50, 270],
		[18, "KEY1", "T", -1125, -810, 0],
		[19, "KEY2", "T", -375, -810, 0],
		[20, "KEY3", "T", 375, -810, 0],
		[21, "KEY4", "T", 1125, -810, 0],
		[22, "KEY5", "T", -1125, -1560, 0],
		[23, "KEY6", "T", -375, -1560, 0],
		[24, "KEY7", "T", 375, -1560, 0],
		[25, "KEY8", "T", 1125, -1560, 0],
		[26, "KEY9", "T", -1125, -2310, 0],
		[27, "KEY10", "T", -375, -2310, 0],
		[28, "KEY11", "T", 375, -2310, 0],
		[29, "KEY12", "T", 1125, -2310, 0],
		[30, "SW1", "T", -1120, 310, 180],
		[31, "SW2", "T", 1130, 310, 180],
		[32, "U1", "B", -570, 80, 270],
		[33, "PAD1", "T", 480, 590, 0],
		[34, "PAD1", "B", 480, 590, 0],
		[35, "PAD2", "T", 380, 590, 0],
		[36, "PAD2", "B", 380, 590, 0],
		[37, "PAD3", "T", 280, 590, 0],
		[38, "PAD3", "B", 280, 590, 0],
		[39, "PAD4", "T", 180, 590, 0],
		[40, "PAD4", "B", 180, 590, 0],
		[41, "PAD5", "T", 80, 590, 0],
		[42, "PAD5", "B", 80, 590, 0],
		[43, "PAD6", "T", -20, 590, 0],
		[44, "PAD6", "B", -20, 590, 0],
		[45, "PAD7", "T", -120, 590, 0],
		[46, "PAD7", "B", -120, 590, 0],
		[47, "PAD8", "T", -220, 590, 0],
		[48, "PAD8", "B", -220, 590, 0],
		[49, "PAD9", "T", 620, -150, 0],
		[50, "PAD9", "B", 620, -150, 0],
		[51, "PAD10", "T", 620, -50, 0],
		[52, "PAD10", "B", 620, -50, 0],
		[53, "PAD11", "T", 620, 50, 0],
		[54, "PAD11", "B", 620, 50, 0],
		[55, "PAD12", "T", 730, -150, 0],
		[56, "PAD12", "B", 730, -150, 0],
		[57, "PAD13", "T", 730, -50, 0],
		[58, "PAD13", "B", 730, -50, 0],
		[59, "PAD14", "T", 730, 50, 0],
		[60, "PAD14", "B", 730, 50, 0],
		[61, "PAD15", "T", 0, -927.5, 0],
		[62, "PAD15", "B", 0, -927.5, 0],
		[63, "PAD16", "T", 0, -612.5, 0],
		[64, "PAD16", "B", 0, -612.5, 0],
		[65, "PAD17", "T", 750, -927.5, 0],
		[66, "PAD17", "B", 750, -927.5, 0],
		[67, "PAD18", "T", 750, -612.5, 0],
		[68, "PAD18", "B", 750, -612.5, 0],
		[69, "PAD19", "T", 1500, -927.5, 0],
		[70, "PAD19", "B", 1500, -927.5, 0],
		[71, "PAD20", "T", 1500, -612.5, 0],
		[72, "PAD20", "B", 1500, -612.5, 0],
		[73, "PAD21", "T", -750, -1677.5, 0],
		[74, "PAD21", "B", -750, -1677.5, 0],
		[75, "PAD22", "T", -750, -1362.5, 0],
		[76, "PAD22", "B", -750, -1362.5, 0],
		[77, "PAD23", "T", 0, -1677.5, 0],
		[78, "PAD23", "B", 0, -1677.5, 0],
		[79, "PAD24", "T", 0, -1362.5, 0],
		[80, "PAD24", "B", 0, -1362.5, 0],
		[81, "PAD25", "T", 750, -1677.5, 0],
		[82, "PAD25", "B", 750, -1677.5, 0],
		[83, "PAD26", "T", 750, -1362.5, 0],
		[84, "PAD26", "B", 750, -1362.5, 0],
		[85, "PAD27", "T", 1500, -1677.5, 0],
		[86, "PAD27", "B", 1500, -1677.5, 0],
		[87, "PAD28", "T", 1500, -1362.5, 0],
		[88, "PAD28", "B", 1500, -1362.5, 0],
		[89, "PAD29", "T", -750, -2427.5, 0],
		[90, "PAD29", "B", -750, -2427.5, 0],
		[91, "PAD30", "T", -750, -2112.5, 0],
		[92, "PAD30", "B", -750, -2112.5, 0],
		[93, "PAD31", "T", 0, -2427.5, 0],
		[94, "PAD31", "B", 0, -2427.5, 0],
		[95, "PAD32", "T", 0, -2112.5, 0],
		[96, "PAD32", "B", 0, -2112.5, 0],
		[97, "PAD33", "T", 750, -2427.5, 0],
		[98, "PAD33", "B", 750, -2427.5, 0],
		[99, "PAD34", "T", 750, -2112.5, 0],
		[100, "PAD34", "B", 750, -2112.5, 0],
		[101, "PAD35", "T", 1500, -2427.5, 0],
		[102, "PAD35", "B", 1500, -2427.5, 0],
		[103, "PAD36", "T", 1500, -2112.5, 0],
		[104, "PAD36", "B", 1500, -2112.5, 0],
		[105, "PAD37", "T", 1359.473, -290.284, 0],
		[106, "PAD37", "B", 1359.473, -290.284, 0],
		[107, "PAD38", "T", 1044.473, -290.284, 0],
		[108, "PAD38", "B", 1044.473, -290.284, 0],
		[109, "PAD39", "T", 1357.5, -160, 0],
		[110, "PAD39", "B", 1357.5, -160, 0],
		[111, "PAD40", "T", 1042.5, -160, 0],
		[112, "PAD40", "B", 1042.5, -160, 0],
		[113, "PAD41", "T", -750, -927.5, 0],
		[114, "PAD41", "B", -750, -927.5, 0],
		[115, "PAD42", "T", -750, -612.5, 0],
		[116, "PAD42", "B", -750, -612.5, 0],
		[117, "PAD43", "T", -1019.995, 595.435, 0],
		[118, "PAD43", "B", -1019.995, 595.435, 0],
		[119, "PAD44", "T", -1119.995, 595.435, 0],
		[120, "PAD44", "B", -1119.995, 595.435, 0],
		[121, "PAD45", "T", -1219.995, 595.435, 0],
		[122, "PAD45", "B", -1219.995, 595.435, 0],
		[123, "PAD46", "T", -1019.995, 24.565, 0],
		[124, "PAD46", "B", -1019.995, 24.565, 0],
		[125, "PAD47", "T", -1219.995, 24.565, 0],
		[126, "PAD47", "B", -1219.995, 24.565, 0],
		[127, "PAD48", "T", 1230.005, 595.435, 0],
		[128, "PAD48", "B", 1230.005, 595.435, 0],
		[129, "PAD49", "T", 1130.005, 595.435, 0],
		[130, "PAD49", "B", 1130.005, 595.435, 0],
		[131, "PAD50", "T", 1030.005, 595.435, 0],
		[132, "PAD50", "B", 1030.005, 595.435, 0],
		[133, "PAD51", "T", 1230.005, 24.565, 0],
		[134, "PAD51", "B", 1230.005, 24.565, 0],
		[135, "PAD52", "T", 1030.005, 24.565, 0],
		[136, "PAD52", "B", 1030.005, 24.565, 0],
		[137, "PAD53", "T", -1520, 430, 0],
		[138, "PAD53", "B", -1520, 430, 0],
		[139, "PAD54", "B", -1520, 465.4331, 0],
		[140, "PAD55", "T", -1420, 430, 0],
		[141, "PAD55", "B", -1420, 430, 0],
		[142, "PAD56", "B", -1420, 465.4331, 0],
		[143, "PAD57", "T", -1320, 430, 0],
		[144, "PAD57", "B", -1320, 430, 0],
		[145, "PAD58", "B", -1320, 465.4331, 0],
		[146, "PAD59", "T", -1220, 430, 0],
		[147, "PAD59", "B", -1220, 430, 0],
		[148, "PAD60", "B", -1220, 465.4331, 0],
		[149, "PAD61", "T", -1120, 430, 0],
		[150, "PAD61", "B", -1120, 430, 0],
		[151, "PAD62", "B", -1120, 465.4331, 0],
		[152, "PAD63", "T", -1020, 430, 0],
		[153, "PAD63", "B", -1020, 430, 0],
		[154, "PAD64", "B", -1020, 465.4331, 0],
		[155, "PAD65", "T", -920, 430, 0],
		[156, "PAD65", "B", -920, 430, 0],
		[157, "PAD66", "B", -920, 465.4331, 0],
		[158, "PAD67", "T", -820, 430, 0],
		[159, "PAD67", "B", -820, 430, 0],
		[160, "PAD68", "B", -820, 465.4331, 0],
		[161, "PAD69", "T", -720, 430, 0],
		[162, "PAD69", "B", -720, 430, 0],
		[163, "PAD70", "B", -720, 465.4331, 0],
		[164, "PAD71", "T", -620, 430, 0],
		[165, "PAD71", "B", -620, 430, 0],
		[166, "PAD72", "B", -620, 465.4331, 0],
		[167, "PAD73", "T", -320, 430, 0],
		[168, "PAD73", "B", -320, 430, 0],
		[169, "PAD74", "B", -320, 465.4331, 0],
		[170, "PAD75", "T", -220, 430, 0],
		[171, "PAD75", "B", -220, 430, 0],
		[172, "PAD76", "B", -220, 465.4331, 0],
		[173, "PAD77", "T", -120, 430, 0],
		[174, "PAD77", "B", -120, 430, 0],
		[175, "PAD78", "B", -120, 465.4331, 0],
		[176, "PAD79", "T", -20, 430, 0],
		[177, "PAD79", "B", -20, 430, 0],
		[178, "PAD80", "B", -20, 465.4331, 0],
		[179, "PAD81", "T", 80, 430, 0],
		[180, "PAD81", "B", 80, 430, 0],
		[181, "PAD82", "B", 80, 465.4331, 0],
		[182, "PAD83", "T", 180, 430, 0],
		[183, "PAD83", "B", 180, 430, 0],
		[184, "PAD84", "B", 180, 465.4331, 0],
		[185, "PAD85", "T", 280, 430, 0],
		[186, "PAD85", "B", 280, 430, 0],
		[187, "PAD86", "B", 280, 465.4331, 0],
		[188, "PAD87", "T", 380, 430, 0],
		[189, "PAD87", "B", 380, 430, 0],
		[190, "PAD88", "B", 380, 465.4331, 0],
		[191, "PAD89", "T", 380, -270, 0],
		[192, "PAD89", "B", 380, -270, 0],
		[193, "PAD90", "B", 380, -305.4331, 0],
		[194, "PAD91", "T", 280, -270, 0],
		[195, "PAD91", "B", 280, -270, 0],
		[196, "PAD92", "B", 280, -305.4331, 0],
		[197, "PAD93", "T", 180, -270, 0],
		[198, "PAD93", "B", 180, -270, 0],
		[199, "PAD94", "B", 180, -305.4331, 0],
		[200, "PAD95", "T", 80, -270, 0],
		[201, "PAD95", "B", 80, -270, 0],
		[202, "PAD96", "B", 80, -305.4331, 0],
		[203, "PAD97", "T", -20, -270, 0],
		[204, "PAD97", "B", -20, -270, 0],
		[205, "PAD98", "B", -20, -305.4331, 0],
		[206, "PAD99", "T", -120, -270, 0],
		[207, "PAD99", "B", -120, -270, 0],
		[208, "PAD100", "B", -120, -305.4331, 0],
		[209, "PAD101", "T", -220, -270, 0],
		[210, "PAD101", "B", -220, -270, 0],
		[211, "PAD102", "B", -220, -305.4331, 0],
		[212, "PAD103", "T", -320, -270, 0],
		[213, "PAD103", "B", -320, -270, 0],
		[214, "PAD104", "B", -320, -305.4331, 0],
		[215, "PAD105", "T", -820, -270, 0],
		[216, "PAD105", "B", -820, -270, 0],
		[217, "PAD106", "B", -820, -305.4331, 0],
		[218, "PAD107", "T", -1120, -270, 0],
		[219, "PAD107", "B", -1120, -270, 0],
		[220, "PAD108", "B", -1120, -305.4331, 0],
		[221, "PAD109", "T", -1320, -270, 0],
		[222, "PAD109", "B", -1320, -270, 0],
		[223, "PAD110", "B", -1320, -305.4331, 0],
		[224, "PAD111", "T", -1520, -270, 0],
		[225, "PAD111", "B", -1520, -270, 0],
		[226, "PAD112", "B", -1520, -305.4331, 0],
		[227, "PAD113", "T", -1275, -710, 0],
		[228, "PAD113", "B", -1275, -710, 0],
		[229, "PAD114", "T", -1025, -610, 0],
		[230, "PAD114", "B", -1025, -610, 0],
		[231, "PAD115", "T", -525, -710, 0],
		[232, "PAD115", "B", -525, -710, 0],
		[233, "PAD116", "T", -275, -610, 0],
		[234, "PAD116", "B", -275, -610, 0],
		[235, "PAD117", "T", 225, -710, 0],
		[236, "PAD117", "B", 225, -710, 0],
		[237, "PAD118", "T", 475, -610, 0],
		[238, "PAD118", "B", 475, -610, 0],
		[239, "PAD119", "T", 975, -710, 0],
		[240, "PAD119", "B", 975, -710, 0],
		[241, "PAD120", "T", 1225, -610, 0],
		[242, "PAD120", "B", 1225, -610, 0],
		[243, "PAD121", "T", -1275, -1460, 0],
		[244, "PAD121", "B", -1275, -1460, 0],
		[245, "PAD122", "T", -1025, -1360, 0],
		[246, "PAD122", "B", -1025, -1360, 0],
		[247, "PAD123", "T", -525, -1460, 0],
		[248, "PAD123", "B", -525, -1460, 0],
		[249, "PAD124", "T", -275, -1360, 0],
		[250, "PAD124", "B", -275, -1360, 0],
		[251, "PAD125", "T", 225, -1460, 0],
		[252, "PAD125", "B", 225, -1460, 0],
		[253, "PAD126", "T", 475, -1360, 0],
		[254, "PAD126", "B", 475, -1360, 0],
		[255, "PAD127", "T", 975, -1460, 0],
		[256, "PAD127", "B", 975, -1460, 0],
		[257, "PAD128", "T", 1225, -1360, 0],
		[258, "PAD128", "B", 1225, -1360, 0],
		[259, "PAD129", "T", -1275, -2210, 0],
		[260, "PAD129", "B", -1275, -2210, 0],
		[261, "PAD130", "T", -1025, -2110, 0],
		[262, "PAD130", "B", -1025, -2110, 0],
		[263, "PAD131", "T", -525, -2210, 0],
		[264, "PAD131", "B", -525, -2210, 0],
		[265, "PAD132", "T", -275, -2110, 0],
		[266, "PAD132", "B", -275, -2110, 0],
		[267, "PAD133", "T", 225, -2210, 0],
		[268, "PAD133", "B", 225, -2210, 0],
		[269, "PAD134", "T", 475, -2110, 0],
		[270, "PAD134", "B", 475, -2110, 0],
		[271, "PAD135", "T", 975, -2210, 0],
		[272, "PAD135", "B", 975, -2210, 0],
		[273, "PAD136", "T", 1225, -2110, 0],
		[274, "PAD136", "B", 1225, -2110, 0]
	]
},
"pins": {
	"fields": ["PIN_NO", "PIN_NAME", "PIN_X", "PIN_Y", "LAYER", "PIN_TYPE", "NET_NAME", "NET_TYPE", "PAD_SHAPE", "PAD_SIZEX", "PAD_SIZEY", "HOLE_SIZE", "HOLE_LEN", "PAD_ANGLE"],
	"rows": [
		[1, "D1_1", -750, -927.5, "T", "DIP", "R1", "", "C", 70.9, 70.9, 39.4, 39.4, 90],
		[2, "D1_1", -750, -927.5, "B", "DIP", "R1", "", "C", 70.9, 70.9, 39.4, 39.4, 90],
		[3, "D1_2", -750, -612.5, "T", "DIP", "$1N13677", "", "C", 70.9, 70.9, 39.4, 39.4, 90],
		[4, "D1_2", -750, -612.5, "B", "DIP", "$1N13677", "", "C", 70.9, 70.9, 39.4, 39.4, 90],
		[5, "D2_1", 0, -927.5, "T", "DIP", "R1", "", "C", 70.9, 70.9, 39.4, 39.4, 90],
		[6, "D2_1", 0, -927.5, "B", "DIP", "R1", "", "C", 70.9, 70.9, 39.4, 39.4, 90],
		[7, "D2_2", 0, -612.5, "T", "DIP", "$1N9257", "", "C", 70.9, 70.9, 39.4, 39.4, 90],
		[8, "D2_2", 0, -612.5, "B", "DIP", "$1N9257", "", "C", 70.9, 70.9, 39.4, 39.4, 90],
		[9, "D3_1", 750, -927.5, "T", "DIP", "R1", "", "C", 70.9, 70.9, 39.4, 39.4, 90],
		[10, "D3_1", 750, -927.5, "B", "DIP", "R1", "", "C", 70.9, 70.9, 39.4, 39.4, 90],
		[11, "D3_2", 750, -612.5, "T", "DIP", "$1N1027", "", "C", 70.9, 70.9, 39.4, 39.4, 90],
		[12, "D3_2", 750, -612.5, "B", "DIP", "$1N1027", "", "C", 70.9, 70.9, 39.4, 39.4, 90],
		[13, "D4_1", 1500, -927.5, "T", "DIP", "R1", "", "C", 70.9, 70.9, 39.4, 39.4, 90],
		[14, "D4_1", 1500, -927.5, "B", "DIP", "R1", "", "C", 70.9, 70.9, 39.4, 39.4, 90],
		[15, "D4_2", 1500, -612.5, "T", "DIP", "$1N4546", "", "C", 70.9, 70.9, 39.4, 39.4, 90],
		[16, "D4_2", 1500, -612.5, "B", "DIP", "$1N4546", "", "C", 70.9, 70.9, 39.4, 39.4, 90],
		[17, "D5_1", -750, -1677.5, "T", "DIP", "R2", "", "C", 70.9, 70.9, 39.4, 39.4, 90],
		[18, "D5_1", -750, -1677.5, "B", "DIP", "R2", "", "C", 70.9, 70.9, 39.4, 39.4, 90],
		[19, "D5_2", -750, -1362.5, "T", "DIP", "$1N4608", "", "C", 70.9, 70.9, 39.4, 39.4, 90],
		[20, "D5_2", -750, -1362.5, "B", "DIP", "$1N4608", "", "C", 70.9, 70.9, 39.4, 39.4, 90],
		[21, "D6_1", 0, -1677.5, "T", "DIP", "R2", "", "C", 70.9, 70.9, 39.4, 39.4, 90],
		[22, "D6_1", 0, -1677.5, "B", "DIP", "R2", "", "C", 70.9, 70.9, 39.4, 39.4, 90],
		[23, "D6_2", 0, -1362.5, "T", "DIP", "$1N4671", "", "C", 70.9, 70.9, 39.4, 39.4, 90],
		[24, "D6_2", 0, -1362.5, "B", "DIP", "$1N4671", "", "C", 70.9, 70.9, 39.4, 39.4, 90],
		[25, "D7_1", 750, -1677.5, "T", "DIP", "R2", "", "C", 70.9, 70.9, 39.4, 39.4, 90],
		[26, "D7_1", 750, -1677.5, "B", "DIP", "R2", "", "C", 70.9, 70.9, 39.4, 39.4, 90],
		[27, "D7_2", 750, -1362.5, "T", "DIP", "$1N4735", "", "C", 70.9, 70.9, 39.4, 39.4, 90],
		[28, "D7_2", 750, -1362.5, "B", "DIP", "$1N4735", "", "C", 70.9, 70.9, 39.4, 39.4, 90],
		[29, "D8_1", 1500, -1677.5, "T", "DIP", "R2", "", "C", 70.9, 70.9, 39.4, 39.4, 90],
		[30, "D8_1", 1500, -1677.5, "B", "DIP", "R2", "", "C", 70.9, 70.9, 39.4, 39.4, 90],
		[31, "D8_2", 1500, -1362.5, "T", "DIP", "$1N4798", "", "C", 70.9, 70.9, 39.4, 39.4, 90],
		[32, "D8_2", 1500, -1362.5, "B", "DIP", "$1N4798", "", "C", 70.9, 70.9, 39.4, 39.4, 90],
		[33, "D9_1", -750, -2427.5, "T", "DIP", "R3", "", "C", 70.9, 70.9, 39.4, 39.4, 90],
		[34, "D9_1", -750, -2427.5, "B", "DIP", "R3", "", "C", 70.9, 70.9, 39.4, 39.4, 90],
		[35, "D9_2", -750, -2112.5, "T", "DIP", "$1N4860", "", "C", 70.9, 70.9, 39.4, 39.4, 90],
		[36, "D9_2", -750, -2112.5, "B", "DIP", "$1N4860", "", "C", 70.9, 70.9, 39.4, 39.4, 90],
		[37, "D10_1", 0, -2427.5, "T", "DIP", "R3", "", "C", 70.9, 70.9, 39.4, 39.4, 90],
		[38, "D10_1", 0, -2427.5, "B", "DIP", "R3", "", "C", 70.9, 70.9, 39.4, 39.4, 90],
		[39, "D10_2", 0, -2112.5, "T", "DIP", "$1N5043", "", "C", 70.9, 70.9, 39.4, 39.4, 90],
		[40, "D10_2", 0, -2112.5, "B", "DIP", "$1N5043", "", "C", 70.9, 70.9, 39.4, 39.4, 90],
		[41, "D11_1", 750, -2427.5, "T", "DIP", "R3", "", "C", 70.9, 70.9, 39.4, 39.4, 90],
		[42, "D11_1", 750, -2427.5, "B", "DIP", "R3", "", "C", 70.9, 70.9, 39.4, 39.4, 90],
		[43, "D11_2", 750, -2112.5, "T", "DIP", "$1N5045", "", "C", 70.9, 70.9, 39.4, 39.4, 90],
		[44, "D11_2", 750, -2112.5, "B", "DIP", "$1N5045", "", "C", 70.9, 70.9, 39.4, 39.4, 90],
		[45, "D12_1", 1500, -2427.5, "T", "DIP", "R3", "", "C", 70.9, 70.9, 39.4, 39.4, 90],
		[46, "D12_1", 1500, -2427.5, "B", "DIP", "R3", "", "C", 70.9, 70.9, 39.4, 39.4, 90],
		[47, "D12_2", 1500, -2112.5, "T", "DIP", "$1N5047", "", "C", 70.9, 70.9, 39.4, 39.4, 90],
		[48, "D12_2", 1500, -2112.5, "B", "DIP", "$1N5047", "", "C", 70.9, 70.9, 39.4, 39.4, 90],
		[49, "D13_1", 1359.473, -290.284, "T", "DIP", "R4", "", "C", 70.9, 70.9, 39.4, 39.4, 180],
		[50, "D13_1", 1359.473, -290.284, "B", "DIP", "R4", "", "C", 70.9, 70.9, 39.4, 39.4, 180],
		[51, "D13_2", 1044.473, -290.284, "T", "DIP", "$1N9289", "", "C", 70.9, 70.9, 39.4, 39.4, 180],
		[52, "D13_2", 1044.473, -290.284, "B", "DIP", "$1N9289", "", "C", 70.9, 70.9, 39.4, 39.4, 180],
		[53, "D14_1", 1357.5, -160, "T", "DIP", "R4", "", "C", 70.9, 70.9, 39.4, 39.4, 180],
		[54, "D14_1", 1357.5, -160, "B", "DIP", "R4", "", "C", 70.9, 70.9, 39.4, 39.4, 180],
		[55, "D14_2", 1042.5, -160, "T", "DIP", "$1N9294", "", "C", 70.9, 70.9, 39.4, 39.4, 180],
		[56, "D14_2", 1042.5, -160, "B", "DIP", "$1N9294", "", "C", 70.9, 70.9, 39.4, 39.4, 180],
		[57, "H1_1", 480, 590, "T", "DIP", "3V3", "", "R", 59.055, 59.055, 39.37, 39.37, 180],
		[58, "H1_1", 480, 590, "B", "DIP", "3V3", "", "R", 59.055, 59.055, 39.37, 39.37, 180],
		[59, "H1_2", 380, 590, "T", "DIP", "GND", "GND", "C", 59.055, 59.055, 39.37, 39.37, 180],
		[60, "H1_2", 380, 590, "B", "DIP", "GND", "GND", "C", 59.055, 59.055, 39.37, 39.37, 180],
		[61, "H1_3", 280, 590, "T", "DIP", "DIN", "", "C", 59.055, 59.055, 39.37, 39.37, 180],
		[62, "H1_3", 280, 590, "B", "DIP", "DIN", "", "C", 59.055, 59.055, 39.37, 39.37, 180],
		[63, "H1_4", 180, 590, "T", "DIP", "CLK", "", "C", 59.055, 59.055, 39.37, 39.37, 180],
		[64, "H1_4", 180, 590, "B", "DIP", "CLK", "", "C", 59.055, 59.055, 39.37, 39.37, 180],
		[65, "H1_5", 80, 590, "T", "DIP", "CS", "", "C", 59.055, 59.055, 39.37, 39.37, 180],
		[66, "H1_5", 80, 590, "B", "DIP", "CS", "", "C", 59.055, 59.055, 39.37, 39.37, 180],
		[67, "H1_6", -20, 590, "T", "DIP", "DC", "", "C", 59.055, 59.055, 39.37, 39.37, 180],
		[68, "H1_6", -20, 590, "B", "DIP", "DC", "", "C", 59.055, 59.055, 39.37, 39.37, 180],
		[69, "H1_7", -120, 590, "T", "DIP", "RST", "", "C", 59.055, 59.055, 39.37, 39.37, 180],
		[70, "H1_7", -120, 590, "B", "DIP", "RST", "", "C", 59.055, 59.055, 39.37, 39.37, 180],
		[71, "H1_8", -220, 590, "T", "DIP", "BL", "", "C", 59.055, 59.055, 39.37, 39.37, 180],
		[72, "H1_8", -220, 590, "B", "DIP", "BL", "", "C", 59.055, 59.055, 39.37, 39.37, 180],
		[73, "H2_1", 620, 50, "T", "DIP", "GND", "GND", "R", 66.929, 66.929, 43.308, 43.308, 270],
		[74, "H2_1", 620, 50, "B", "DIP", "GND", "GND", "R", 66.929, 66.929, 43.308, 43.308, 270],
		[75, "H2_2", 620, -50, "T", "DIP", "TOUCH1", "", "C", 66.929, 66.929, 43.308, 43.308, 270],
		[76, "H2_2", 620, -50, "B", "DIP", "TOUCH1", "", "C", 66.929, 66.929, 43.308, 43.308, 270],
		[77, "H2_3", 620, -150, "T", "DIP", "+5V", "", "C", 66.929, 66.929, 43.308, 43.308, 270],
		[78, "H2_3", 620, -150, "B", "DIP", "+5V", "", "C", 66.929, 66.929, 43.308, 43.308, 270],
		[79, "H4_1", 730, 50, "T", "DIP", "GND", "GND", "R", 66.929, 66.929, 43.308, 43.308, 270],
		[80, "H4_1", 730, 50, "B", "DIP", "GND", "GND", "R", 66.929, 66.929, 43.308, 43.308, 270],
		[81, "H4_2", 730, -50, "T", "DIP", "TOUCH2", "", "C", 66.929, 66.929, 43.308, 43.308, 270],
		[82, "H4_2", 730, -50, "B", "DIP", "TOUCH2", "", "C", 66.929, 66.929, 43.308, 43.308, 270],
		[83, "H4_3", 730, -150, "T", "DIP", "+5V", "", "C", 66.929, 66.929, 43.308, 43.308, 270],
		[84, "H4_3", 730, -150, "B", "DIP", "+5V", "", "C", 66.929, 66.929, 43.308, 43.308, 270],
		[85, "KEY1_1", -1275, -710, "T", "DIP", "C1", "", "C", 98.4252, 98.4252, 59.0551, 59.0551, 0],
		[86, "KEY1_1", -1275, -710, "B", "DIP", "C1", "", "C", 98.4252, 98.4252, 59.0551, 59.0551, 0],
		[87, "KEY1_2", -1025, -610, "T", "DIP", "$1N13677", "", "C", 98.4252, 98.4252, 59.0551, 59.0551, 0],
		[88, "KEY1_2", -1025, -610, "B", "DIP", "$1N13677", "", "C", 98.4252, 98.4252, 59.0551, 59.0551, 0],
		[89, "KEY1_999", -1125, -810, "T", "DIP", "NET_1", "", "C", 157.4803, 157.4803, 157.4803, 157.4803, 0],
		[90, "KEY1_999", -1125, -810, "B", "DIP", "NET_1", "", "C", 157.4803, 157.4803, 157.4803, 157.4803, 0],
		[91, "KEY1_999", -1325, -810, "T", "DIP", "NET_2", "", "C", 68.8976, 68.8976, 68.8976, 68.8976, 0],
		[92, "KEY1_999", -1325, -810, "B", "DIP", "NET_2", "", "C", 68.8976, 68.8976, 68.8976, 68.8976, 0],
		[93, "KEY1_999", -925, -810, "T", "DIP", "NET_3", "", "C", 68.8976, 68.8976, 68.8976, 68.8976, 0],
		[94, "KEY1_999", -925, -810, "B", "DIP", "NET_3", "", "C", 68.8976, 68.8976, 68.8976, 68.8976, 0],
		[95, "KEY2_1", -525, -710, "T", "DIP", "C2", "", "C", 98.4252, 98.4252, 59.0551, 59.0551, 0],
		[96, "KEY2_1", -525, -710, "B", "DIP", "C2", "", "C", 98.4252, 98.4252, 59.0551, 59.0551, 0],
		[97, "KEY2_2", -275, -610, "T", "DIP", "$1N9257", "", "C", 98.4252, 98.4252, 59.0551, 59.0551, 0],
		[98, "KEY2_2", -275, -610, "B", "DIP", "$1N9257", "", "C", 98.4252, 98.4252, 59.0551, 59.0551, 0],
		[99, "KEY2_999", -375, -810, "T", "DIP", "NET_4", "", "C", 157.4803, 157.4803, 157.4803, 157.4803, 0],
		[100, "KEY2_999", -375, -810, "B", "DIP", "NET_4", "", "C", 157.4803, 157.4803, 157.4803, 157.4803, 0],
		[101, "KEY2_999", -575, -810, "T", "DIP", "NET_5", "", "C", 68.8976, 68.8976, 68.8976, 68.8976, 0],
		[102, "KEY2_999", -575, -810, "B", "DIP", "NET_5", "", "C", 68.8976, 68.8976, 68.8976, 68.8976, 0],
		[103, "KEY2_999", -175, -810, "T", "DIP", "NET_6", "", "C", 68.8976, 68.8976, 68.8976, 68.8976, 0],
		[104, "KEY2_999", -175, -810, "B", "DIP", "NET_6", "", "C", 68.8976, 68.8976, 68.8976, 68.8976, 0],
		[105, "KEY3_1", 225, -710, "T", "DIP", "C3", "", "C", 98.4252, 98.4252, 59.0551, 59.0551, 0],
		[106, "KEY3_1", 225, -710, "B", "DIP", "C3", "", "C", 98.4252, 98.4252, 59.0551, 59.0551, 0],
		[107, "KEY3_2", 475, -610, "T", "DIP", "$1N1027", "", "C", 98.4252, 98.4252, 59.0551, 59.0551, 0],
		[108, "KEY3_2", 475, -610, "B", "DIP", "$1N1027", "", "C", 98.4252, 98.4252, 59.0551, 59.0551, 0],
		[109, "KEY3_999", 375, -810, "T", "DIP", "NET_7", "", "C", 157.4803, 157.4803, 157.4803, 157.4803, 0],
		[110, "KEY3_999", 375, -810, "B", "DIP", "NET_7", "", "C", 157.4803, 157.4803, 157.4803, 157.4803, 0],
		[111, "KEY3_999", 175, -810, "T", "DIP", "NET_8", "", "C", 68.8976, 68.8976, 68.8976, 68.8976, 0],
		[112, "KEY3_999", 175, -810, "B", "DIP", "NET_8", "", "C", 68.8976, 68.8976, 68.8976, 68.8976, 0],
		[113, "KEY3_999", 575, -810, "T", "DIP", "NET_9", "", "C", 68.8976, 68.8976, 68.8976, 68.8976, 0],
		[114, "KEY3_999", 575, -810, "B", "DIP", "NET_9", "", "C", 68.8976, 68.8976, 68.8976, 68.8976, 0],
		[115, "KEY4_1", 975, -710, "T", "DIP", "C4", "", "C", 98.4252, 98.4252, 59.0551, 59.0551, 0],
		[116, "KEY4_1", 975, -710, "B", "DIP", "C4", "", "C", 98.4252, 98.4252, 59.0551, 59.0551, 0],
		[117, "KEY4_2", 1225, -610, "T", "DIP", "$1N4546", "", "C", 98.4252, 98.4252, 59.0551, 59.0551, 0],
		[118, "KEY4_2", 1225, -610, "B", "DIP", "$1N4546", "", "C", 98.4252, 98.4252, 59.0551, 59.0551, 0],
		[119, "KEY4_999", 1125, -810, "T", "DIP", "NET_10", "", "C", 157.4803, 157.4803, 157.4803, 157.4803, 0],
		[120, "KEY4_999", 1125, -810, "B", "DIP", "NET_10", "", "C", 157.4803, 157.4803, 157.4803, 157.4803, 0],
		[121, "KEY4_999", 925, -810, "T", "DIP", "NET_11", "", "C", 68.8976, 68.8976, 68.8976, 68.8976, 0],
		[122, "KEY4_999", 925, -810, "B", "DIP", "NET_11", "", "C", 68.8976, 68.8976, 68.8976, 68.8976, 0],
		[123, "KEY4_999", 1325, -810, "T", "DIP", "NET_12", "", "C", 68.8976, 68.8976, 68.8976, 68.8976, 0],
		[124, "KEY4_999", 1325, -810, "B", "DIP", "NET_12", "", "C", 68.8976, 68.8976, 68.8976, 68.8976, 0],
		[125, "KEY5_1", -1275, -1460, "T", "DIP", "C1", "", "C", 98.4252, 98.4252, 59.0551, 59.0551, 0],
		[126, "KEY5_1", -1275, -1460, "B", "DIP", "C1", "", "C", 98.4252, 98.4252, 59.0551, 59.0551, 0],
		[127, "KEY5_2", -1025, -1360, "T", "DIP", "$1N4608", "", "C", 98.4252, 98.4252, 59.0551, 59.0551, 0],
		[128, "KEY5_2", -1025, -1360, "B", "DIP", "$1N4608", "", "C", 98.4252, 98.4252, 59.0551, 59.0551, 0],
		[129, "KEY5_999", -1125, -1560, "T", "DIP", "NET_13", "", "C", 157.4803, 157.4803, 157.4803, 157.4803, 0],
		[130, "KEY5_999", -1125, -1560, "B", "DIP", "NET_13", "", "C", 157.4803, 157.4803, 157.4803, 157.4803, 0],
		[131, "KEY5_999", -1325, -1560, "T", "DIP", "NET_14", "", "C", 68.8976, 68.8976, 68.8976, 68.8976, 0],
		[132, "KEY5_999", -1325, -1560, "B", "DIP", "NET_14", "", "C", 68.8976, 68.8976, 68.8976, 68.8976, 0],
		[133, "KEY5_999", -925, -1560, "T", "DIP", "NET_15", "", "C", 68.8976, 68.8976, 68.8976, 68.8976, 0],
		[134, "KEY5_999", -925, -1560, "B", "DIP", "NET_15", "", "C", 68.8976, 68.8976, 68.8976, 68.8976, 0],
		[135, "KEY6_1", -525, -1460, "T", "DIP", "C2", "", "C", 98.4252, 98.4252, 59.0551, 59.0551, 0],
		[136, "KEY6_1", -525, -1460, "B", "DIP", "C2", "", "C", 98.4252, 98.4252, 59.0551, 59.0551, 0],
		[137, "KEY6_2", -275, -1360, "T", "DIP", "$1N4671", "", "C", 98.4252, 98.4252, 59.0551, 59.0551, 0],
		[138, "KEY6_2", -275, -1360, "B", "DIP", "$1N4671", "", "C", 98.4252, 98.4252, 59.0551, 59.0551, 0],
		[139, "KEY6_999", -375, -1560, "T", "DIP", "NET_16", "", "C", 157.4803, 157.4803, 157.4803, 157.4803, 0],
		[140, "KEY6_999", -375, -1560, "B", "DIP", "NET_16", "", "C", 157.4803, 157.4803, 157.4803, 157.4803, 0],
		[141, "KEY6_999", -575, -1560, "T", "DIP", "NET_17", "", "C", 68.8976, 68.8976, 68.8976, 68.8976, 0],
		[142, "KEY6_999", -575, -1560, "B", "DIP", "NET_17", "", "C", 68.8976, 68.8976, 68.8976, 68.8976, 0],
		[143, "KEY6_999", -175, -1560, "T", "DIP", "NET_18", "", "C", 68.8976, 68.8976, 68.8976, 68.8976, 0],
		[144, "KEY6_999", -175, -1560, "B", "DIP", "NET_18", "", "C", 68.8976, 68.8976, 68.8976, 68.8976, 0],
		[145, "KEY7_1", 225, -1460, "T", "DIP", "C3", "", "C", 98.4252, 98.4252, 59.0551, 59.0551, 0],
		[146, "KEY7_1", 225, -1460, "B", "DIP", "C3", "", "C", 98.4252, 98.4252, 59.0551, 59.0551, 0],
		[147, "KEY7_2", 475, -1360, "T", "DIP", "$1N4735", "", "C", 98.4252, 98.4252, 59.0551, 59.0551, 0],
		[148, "KEY7_2", 475, -1360, "B", "DIP", "$1N4735", "", "C", 98.4252, 98.4252, 59.0551, 59.0551, 0],
		[149, "KEY7_999", 375, -1560, "T", "DIP", "NET_19", "", "C", 157.4803, 157.4803, 157.4803, 157.4803, 0],
		[150, "KEY7_999", 375, -1560, "B", "DIP", "NET_19", "", "C", 157.4803, 157.4803, 157.4803, 157.4803, 0],
		[151, "KEY7_999", 175, -1560, "T", "DIP", "NET_20", "", "C", 68.8976, 68.8976, 68.8976, 68.8976, 0],
		[152, "KEY7_999", 175, -1560, "B", "DIP", "NET_20", "", "C", 68.8976, 68.8976, 68.8976, 68.8976, 0],
		[153, "KEY7_999", 575, -1560, "T", "DIP", "NET_21", "", "C", 68.8976, 68.8976, 68.8976, 68.8976, 0],
		[154, "KEY7_999", 575, -1560, "B", "DIP", "NET_21", "", "C", 68.8976, 68.8976, 68.8976, 68.8976, 0],
		[155, "KEY8_1", 975, -1460, "T", "DIP", "C4", "", "C", 98.4252, 98.4252, 59.0551, 59.0551, 0],
		[156, "KEY8_1", 975, -1460, "B", "DIP", "C4", "", "C", 98.4252, 98.4252, 59.0551, 59.0551, 0],
		[157, "KEY8_2", 1225, -1360, "T", "DIP", "$1N4798", "", "C", 98.4252, 98.4252, 59.0551, 59.0551, 0],
		[158, "KEY8_2", 1225, -1360, "B", "DIP", "$1N4798", "", "C", 98.4252, 98.4252, 59.0551, 59.0551, 0],
		[159, "KEY8_999", 1125, -1560, "T", "DIP", "NET_22", "", "C", 157.4803, 157.4803, 157.4803, 157.4803, 0],
		[160, "KEY8_999", 1125, -1560, "B", "DIP", "NET_22", "", "C", 157.4803, 157.4803, 157.4803, 157.4803, 0],
		[161, "KEY8_999", 925, -1560, "T", "DIP", "NET_23", "", "C", 68.8976, 68.8976, 68.8976, 68.8976, 0],
		[162, "KEY8_999", 925, -1560, "B", "DIP", "NET_23", "", "C", 68.8976, 68.8976, 68.8976, 68.8976, 0],
		[163, "KEY8_999", 1325, -1560, "T", "DIP", "NET_24", "", "C", 68.8976, 68.8976, 68.8976, 68.8976, 0],
		[164, "KEY8_999", 1325, -1560, "B", "DIP", "NET_24", "", "C", 68.8976, 68.8976, 68.8976, 68.8976, 0],
		[165, "KEY9_1", -1275, -2210, "T", "DIP", "C1", "", "C", 98.4252, 98.4252, 59.0551, 59.0551, 0],
		[166, "KEY9_1", -1275, -2210, "B", "DIP", "C1", "", "C", 98.4252, 98.4252, 59.0551, 59.0551, 0],
		[167, "KEY9_2", -1025, -2110, "T", "DIP", "$1N4860", "", "C", 98.4252, 98.4252, 59.0551, 59.0551, 0],
		[168, "KEY9_2", -1025, -2110, "B", "DIP", "$1N4860", "", "C", 98.4252, 98.4252, 59.0551, 59.0551, 0],
		[169, "KEY9_999", -1125, -2310, "T", "DIP", "NET_25", "", "C", 157.4803, 157.4803, 157.4803, 157.4803, 0],
		[170, "KEY9_999", -1125, -2310, "B", "DIP", "NET_25", "", "C", 157.4803, 157.4803, 157.4803, 157.4803, 0],
		[171, "KEY9_999", -1325, -2310, "T", "DIP", "NET_26", "", "C", 68.8976, 68.8976, 68.8976, 68.8976, 0],
		[172, "KEY9_999", -1325, -2310, "B", "DIP", "NET_26", "", "C", 68.8976, 68.8976, 68.8976, 68.8976, 0],
		[173, "KEY9_999", -925, -2310, "T", "DIP", "NET_27", "", "C", 68.8976, 68.8976, 68.8976, 68.8976, 0],
		[174, "KEY9_999", -925, -2310, "B", "DIP", "NET_27", "", "C", 68.8976, 68.8976, 68.8976, 68.8976, 0],
		[175, "KEY10_1", -525, -2210, "T", "DIP", "C2", "", "C", 98.4252, 98.4252, 59.0551, 59.0551, 0],
		[176, "KEY10_1", -525, -2210, "B", "DIP", "C2", "", "C", 98.4252, 98.4252, 59.0551, 59.0551, 0],
		[177, "KEY10_2", -275, -2110, "T", "DIP", "$1N5043", "", "C", 98.4252, 98.4252, 59.0551, 59.0551, 0],
		[178, "KEY10_2", -275, -2110, "B", "DIP", "$1N5043", "", "C", 98.4252, 98.4252, 59.0551, 59.0551, 0],
		[179, "KEY10_999", -375, -2310, "T", "DIP", "NET_28", "", "C", 157.4803, 157.4803, 157.4803, 157.4803, 0],
		[180, "KEY10_999", -375, -2310, "B", "DIP", "NET_28", "", "C", 157.4803, 157.4803, 157.4803, 157.4803, 0],
		[181, "KEY10_999", -575, -2310, "T", "DIP", "NET_29", "", "C", 68.8976, 68.8976, 68.8976, 68.8976, 0],
		[182, "KEY10_999", -575, -2310, "B", "DIP", "NET_29", "", "C", 68.8976, 68.8976, 68.8976, 68.8976, 0],
		[183, "KEY10_999", -175, -2310, "T", "DIP", "NET_30", "", "C", 68.8976, 68.8976, 68.8976, 68.8976, 0],
		[184, "KEY10_999", -175, -2310, "B", "DIP", "NET_30", "", "C", 68.8976, 68.8976, 68.8976, 68.8976, 0],
		[185, "KEY11_1", 225, -2210, "T", "DIP", "C3", "", "C", 98.4252, 98.4252, 59.0551, 59.0551, 0],
		[186, "KEY11_1", 225, -2210, "B", "DIP", "C3", "", "C", 98.4252, 98.4252, 59.0551, 59.0551, 0],
		[187, "KEY11_2", 475, -2110, "T", "DIP", "$1N5045", "", "C", 98.4252, 98.4252, 59.0551, 59.0551, 0],
		[188, "KEY11_2", 475, -2110, "B", "DIP", "$1N5045", "", "C", 98.4252, 98.4252, 59.0551, 59.0551, 0],
		[189, "KEY11_999", 375, -2310, "T", "DIP", "NET_31", "", "C", 157.4803, 157.4803, 157.4803, 157.4803, 0],
		[190, "KEY11_999", 375, -2310, "B", "DIP", "NET_31", "", "C", 157.4803, 157.4803, 157.4803, 157.4803, 0],
		[191, "KEY11_999", 175, -2310, "T", "DIP", "NET_32", "", "C", 68.8976, 68.8976, 68.8976, 68.8976, 0],
		[192, "KEY11_999", 175, -2310, "B", "DIP", "NET_32", "", "C", 68.8976, 68.8976, 68.8976, 68.8976, 0],
		[193, "KEY11_999", 575, -2310, "T", "DIP", "NET_33", "", "C", 68.8976, 68.8976, 68.8976, 68.8976, 0],
		[194, "KEY11_999", 575, -2310, "B", "DIP", "NET_33", "", "C", 68.8976, 68.8976, 68.8976, 68.8976, 0],
		[195, "KEY12_1", 975, -2210, "T", "DIP", "C4", "", "C", 98.4252, 98.4252, 59.0551, 59.0551, 0],
		[196, "KEY12_1", 975, -2210, "B", "DIP", "C4", "", "C", 98.4252, 98.4252, 59.0551, 59.0551, 0],
		[197, "KEY12_2", 1225, -2110, "T", "DIP", "$1N5047", "", "C", 98.4252, 98.4252, 59.0551, 59.0551, 0],
		[198, "KEY12_2", 1225, -2110, "B", "DIP", "$1N5047", "", "C", 98.4252, 98.4252, 59.0551, 59.0551, 0],
		[199, "KEY12_999", 1125, -2310, "T", "DIP", "NET_34", "", "C", 157.4803, 157.4803, 157.4803, 157.4803, 0],
		[200, "KEY12_999", 1125, -2310, "B", "DIP", "NET_34", "", "C", 157.4803, 157.4803, 157.4803, 157.4803, 0],
		[201, "KEY12_999", 925, -2310, "T", "DIP", "NET_35", "", "C", 68.8976, 68.8976, 68.8976, 68.8976, 0],
		[202, "KEY12_999", 925, -2310, "B", "DIP", "NET_35", "", "C", 68.8976, 68.8976, 68.8976, 68.8976, 0],
		[203, "KEY12_999", 1325, -2310, "T", "DIP", "NET_36", "", "C", 68.8976, 68.8976, 68.8976, 68.8976, 0],
		[204, "KEY12_999", 1325, -2310, "B", "DIP", "NET_36", "", "C", 68.8976, 68.8976, 68.8976, 68.8976, 0],
		[205, "SW1_6", -1336.535, 300.155, "T", "DIP", "NET_37", "", "O", 157.48, 90.551, 59.056, 118.11, 270],
		[206, "SW1_6", -1336.535, 300.155, "B", "DIP", "NET_37", "", "O", 157.48, 90.551, 59.056, 118.11, 270],
		[207, "SW1_7", -903.465, 300.155, "T", "DIP", "NET_38", "", "O", 157.48, 90.551, 59.056, 118.11, 270],
		[208, "SW1_7", -903.465, 300.155, "B", "DIP", "NET_38", "", "O", 157.48, 90.551, 59.056, 118.11, 270],
		[209, "SW1_A", -1019.995, 595.435, "T", "DIP", "A1", "", "C", 70.866, 70.866, 51.182, 51.182, 180],
		[210, "SW1_A", -1019.995, 595.435, "B", "DIP", "A1", "", "C", 70.866, 70.866, 51.182, 51.182, 180],
		[211, "SW1_B", -1219.995, 595.435, "T", "DIP", "B1", "", "C", 70.866, 70.866, 51.182, 51.182, 180],
		[212, "SW1_B", -1219.995, 595.435, "B", "DIP", "B1", "", "C", 70.866, 70.866, 51.182, 51.182, 180],
		[213, "SW1_C", -1119.995, 595.435, "T", "DIP", "GND", "GND", "C", 70.866, 70.866, 51.182, 51.182, 180],
		[214, "SW1_C", -1119.995, 595.435, "B", "DIP", "GND", "GND", "C", 70.866, 70.866, 51.182, 51.182, 180],
		[215, "SW1_D", -1019.995, 24.565, "T", "DIP", "C1", "", "C", 70.866, 70.866, 51.182, 51.182, 180],
		[216, "SW1_D", -1019.995, 24.565, "B", "DIP", "C1", "", "C", 70.866, 70.866, 51.182, 51.182, 180],
		[217, "SW1_E", -1219.995, 24.565, "T", "DIP", "$1N9289", "", "C", 70.866, 70.866, 51.182, 51.182, 180],
		[218, "SW1_E", -1219.995, 24.565, "B", "DIP", "$1N9289", "", "C", 70.866, 70.866, 51.182, 51.182, 180],
		[219, "SW2_6", 913.465, 300.155, "T", "DIP", "NET_39", "", "O", 157.48, 90.551, 59.056, 118.11, 270],
		[220, "SW2_6", 913.465, 300.155, "B", "DIP", "NET_39", "", "O", 157.48, 90.551, 59.056, 118.11, 270],
		[221, "SW2_7", 1346.535, 300.155, "T", "DIP", "NET_40", "", "O", 157.48, 90.551, 59.056, 118.11, 270],
		[222, "SW2_7", 1346.535, 300.155, "B", "DIP", "NET_40", "", "O", 157.48, 90.551, 59.056, 118.11, 270],
		[223, "SW2_A", 1230.005, 595.435, "T", "DIP", "A2", "", "C", 70.866, 70.866, 51.182, 51.182, 180],
		[224, "SW2_A", 1230.005, 595.435, "B", "DIP", "A2", "", "C", 70.866, 70.866, 51.182, 51.182, 180],
		[225, "SW2_B", 1030.005, 595.435, "T", "DIP", "B2", "", "C", 70.866, 70.866, 51.182, 51.182, 180],
		[226, "SW2_B", 1030.005, 595.435, "B", "DIP", "B2", "", "C", 70.866, 70.866, 51.182, 51.182, 180],
		[227, "SW2_C", 1130.005, 595.435, "T", "DIP", "GND", "GND", "C", 70.866, 70.866, 51.182, 51.182, 180],
		[228, "SW2_C", 1130.005, 595.435, "B", "DIP", "GND", "GND", "C", 70.866, 70.866, 51.182, 51.182, 180],
		[229, "SW2_D", 1230.005, 24.565, "T", "DIP", "C2", "", "C", 70.866, 70.866, 51.182, 51.182, 180],
		[230, "SW2_D", 1230.005, 24.565, "B", "DIP", "C2", "", "C", 70.866, 70.866, 51.182, 51.182, 180],
		[231, "SW2_E", 1030.005, 24.565, "T", "DIP", "$1N9294", "", "C", 70.866, 70.866, 51.182, 51.182, 180],
		[232, "SW2_E", 1030.005, 24.565, "B", "DIP", "$1N9294", "", "C", 70.866, 70.866, 51.182, 51.182, 180],
		[233, "U1_1", -1520, 430, "T", "DIP", "TOUCH2", "", "C", 66.9291, 66.9291, 40.1575, 40.1575, 270],
		[234, "U1_1", -1520, 430, "B", "DIP", "TOUCH2", "", "C", 66.9291, 66.9291, 40.1575, 40.1575, 270],
		[235, "U1_1", -1520, 465.4331, "B", "SMD", "TOUCH2", "", "R", 137.7953, 66.9291, 0, 0, 270],
		[236, "U1_2", -1420, 430, "T", "DIP", "TOUCH1", "", "C", 66.9291, 66.9291, 40.1575, 40.1575, 270],
		[237, "U1_2", -1420, 430, "B", "DIP", "TOUCH1", "", "C", 66.9291, 66.9291, 40.1575, 40.1575, 270],
		[238, "U1_2", -1420, 465.4331, "B", "SMD", "TOUCH1", "", "R", 137.7953, 66.9291, 0, 0, 270],
		[239, "U1_3", -1320, 430, "T", "DIP", "GND", "GND", "R", 66.9291, 66.9291, 40.1575, 40.1575, 270],
		[240, "U1_3", -1320, 430, "B", "DIP", "GND", "GND", "R", 66.9291, 66.9291, 40.1575, 40.1575, 270],
		[241, "U1_3", -1320, 465.4331, "B", "SMD", "GND", "GND", "R", 137.7953, 66.9291, 0, 0, 270],
		[242, "U1_4", -1220, 430, "T", "DIP", "R3", "", "C", 66.9291, 66.9291, 40.1575, 40.1575, 270],
		[243, "U1_4", -1220, 430, "B", "DIP", "R3", "", "C", 66.9291, 66.9291, 40.1575, 40.1575, 270],
		[244, "U1_4", -1220, 465.4331, "B", "SMD", "R3", "", "R", 137.7953, 66.9291, 0, 0, 270],
		[245, "U1_5", -1120, 430, "T", "DIP", "R2", "", "C", 66.9291, 66.9291, 40.1575, 40.1575, 270],
		[246, "U1_5", -1120, 430, "B", "DIP", "R2", "", "C", 66.9291, 66.9291, 40.1575, 40.1575, 270],
		[247, "U1_5", -1120, 465.4331, "B", "SMD", "R2", "", "R", 137.7953, 66.9291, 0, 0, 270],
		[248, "U1_6", -1020, 430, "T", "DIP", "R1", "", "C", 66.9291, 66.9291, 40.1575, 40.1575, 270],
		[249, "U1_6", -1020, 430, "B", "DIP", "R1", "", "C", 66.9291, 66.9291, 40.1575, 40.1575, 270],
		[250, "U1_6", -1020, 465.4331, "B", "SMD", "R1", "", "R", 137.7953, 66.9291, 0, 0, 270],
		[251, "U1_7", -920, 430, "T", "DIP", "R4", "", "C", 66.9291, 66.9291, 40.1575, 40.1575, 270],
		[252, "U1_7", -920, 430, "B", "DIP", "R4", "", "C", 66.9291, 66.9291, 40.1575, 40.1575, 270],
		[253, "U1_7", -920, 465.4331, "B", "SMD", "R4", "", "R", 137.7953, 66.9291, 0, 0, 270],
		[254, "U1_8", -820, 430, "T", "DIP", "GND", "GND", "R", 66.9291, 66.9291, 40.1575, 40.1575, 270],
		[255, "U1_8", -820, 430, "B", "DIP", "GND", "GND", "R", 66.9291, 66.9291, 40.1575, 40.1575, 270],
		[256, "U1_8", -820, 465.4331, "B", "SMD", "GND", "GND", "R", 137.7953, 66.9291, 0, 0, 270],
		[257, "U1_9", -720, 430, "T", "DIP", "A1", "", "C", 66.9291, 66.9291, 40.1575, 40.1575, 270],
		[258, "U1_9", -720, 430, "B", "DIP", "A1", "", "C", 66.9291, 66.9291, 40.1575, 40.1575, 270],
		[259, "U1_9", -720, 465.4331, "B", "SMD", "A1", "", "R", 137.7953, 66.9291, 0, 0, 270],
		[260, "U1_10", -620, 430, "T", "DIP", "B1", "", "C", 66.9291, 66.9291, 40.1575, 40.1575, 270],
		[261, "U1_10", -620, 430, "B", "DIP", "B1", "", "C", 66.9291, 66.9291, 40.1575, 40.1575, 270],
		[262, "U1_10", -620, 465.4331, "B", "SMD", "B1", "", "R", 137.7953, 66.9291, 0, 0, 270],
		[263, "U1_11", -520, 430, "T", "DIP", "NET_41", "", "C", 66.9291, 66.9291, 40.1575, 40.1575, 270],
		[264, "U1_11", -520, 430, "B", "DIP", "NET_41", "", "C", 66.9291, 66.9291, 40.1575, 40.1575, 270],
		[265, "U1_11", -520, 465.4331, "B", "SMD", "NET_42", "", "R", 137.7953, 66.9291, 0, 0, 270],
		[266, "U1_12", -420, 430, "T", "DIP", "NET_43", "", "C", 66.9291, 66.9291, 40.1575, 40.1575, 270],
		[267, "U1_12", -420, 430, "B", "DIP", "NET_43", "", "C", 66.9291, 66.9291, 40.1575, 40.1575, 270],
		[268, "U1_12", -420, 465.4331, "B", "SMD", "NET_44", "", "R", 137.7953, 66.9291, 0, 0, 270],
		[269, "U1_13", -320, 430, "T", "DIP", "GND", "GND", "R", 66.9291, 66.9291, 40.1575, 40.1575, 270],
		[270, "U1_13", -320, 430, "B", "DIP", "GND", "GND", "R", 66.9291, 66.9291, 40.1575, 40.1575, 270],
		[271, "U1_13", -320, 465.4331, "B", "SMD", "GND", "GND", "R", 137.7953, 66.9291, 0, 0, 270],
		[272, "U1_14", -220, 430, "T", "DIP", "BL", "", "C", 66.9291, 66.9291, 40.1575, 40.1575, 270],
		[273, "U1_14", -220, 430, "B", "DIP", "BL", "", "C", 66.9291, 66.9291, 40.1575, 40.1575, 270],
		[274, "U1_14", -220, 465.4331, "B", "SMD", "BL", "", "R", 137.7953, 66.9291, 0, 0, 270],
		[275, "U1_15", -120, 430, "T", "DIP", "RST", "", "C", 66.9291, 66.9291, 40.1575, 40.1575, 270],
		[276, "U1_15", -120, 430, "B", "DIP", "RST", "", "C", 66.9291, 66.9291, 40.1575, 40.1575, 270],
		[277, "U1_15", -120, 465.4331, "B", "SMD", "RST", "", "R", 137.7953, 66.9291, 0, 0, 270],
		[278, "U1_16", -20, 430, "T", "DIP", "DIN", "", "C", 66.9291, 66.9291, 40.1575, 40.1575, 270],
		[279, "U1_16", -20, 430, "B", "DIP", "DIN", "", "C", 66.9291, 66.9291, 40.1575, 40.1575, 270],
		[280, "U1_16", -20, 465.4331, "B", "SMD", "DIN", "", "R", 137.7953, 66.9291, 0, 0, 270],
		[281, "U1_17", 80, 430, "T", "DIP", "CLK", "", "C", 66.9291, 66.9291, 40.1575, 40.1575, 270],
		[282, "U1_17", 80, 430, "B", "DIP", "CLK", "", "C", 66.9291, 66.9291, 40.1575, 40.1575, 270],
		[283, "U1_17", 80, 465.4331, "B", "SMD", "CLK", "", "R", 137.7953, 66.9291, 0, 0, 270],
		[284, "U1_18", 180, 430, "T", "DIP", "GND", "GND", "R", 66.9291, 66.9291, 40.1575, 40.1575, 270],
		[285, "U1_18", 180, 430, "B", "DIP", "GND", "GND", "R", 66.9291, 66.9291, 40.1575, 40.1575, 270],
		[286, "U1_18", 180, 465.4331, "B", "SMD", "GND", "GND", "R", 137.7953, 66.9291, 0, 0, 270],
		[287, "U1_19", 280, 430, "T", "DIP", "A2", "", "C", 66.9291, 66.9291, 40.1575, 40.1575, 270],
		[288, "U1_19", 280, 430, "B", "DIP", "A2", "", "C", 66.9291, 66.9291, 40.1575, 40.1575, 270],
		[289, "U1_19", 280, 465.4331, "B", "SMD", "A2", "", "R", 137.7953, 66.9291, 0, 0, 270],
		[290, "U1_20", 380, 430, "T", "DIP", "B2", "", "C", 66.9291, 66.9291, 40.1575, 40.1575, 270],
		[291, "U1_20", 380, 430, "B", "DIP", "B2", "", "C", 66.9291, 66.9291, 40.1575, 40.1575, 270],
		[292, "U1_20", 380, 465.4331, "B", "SMD", "B2", "", "R", 137.7953, 66.9291, 0, 0, 270],
		[293, "U1_21", 380, -270, "T", "DIP", "CS", "", "C", 66.9291, 66.9291, 40.1575, 40.1575, 270],
		[294, "U1_21", 380, -270, "B", "DIP", "CS", "", "C", 66.9291, 66.9291, 40.1575, 40.1575, 270],
		[295, "U1_21", 380, -305.4331, "B", "SMD", "CS", "", "R", 137.7953, 66.9291, 0, 0, 270],
		[296, "U1_22", 280, -270, "T", "DIP", "DC", "", "C", 66.9291, 66.9291, 40.1575, 40.1575, 270],
		[297, "U1_22", 280, -270, "B", "DIP", "DC", "", "C", 66.9291, 66.9291, 40.1575, 40.1575, 270],
		[298, "U1_22", 280, -305.4331, "B", "SMD", "DC", "", "R", 137.7953, 66.9291, 0, 0, 270],
		[299, "U1_23", 180, -270, "T", "DIP", "GND", "GND", "R", 66.9291, 66.9291, 40.1575, 40.1575, 270],
		[300, "U1_23", 180, -270, "B", "DIP", "GND", "GND", "R", 66.9291, 66.9291, 40.1575, 40.1575, 270],
		[301, "U1_23", 180, -305.4331, "B", "SMD", "GND", "GND", "R", 137.7953, 66.9291, 0, 0, 270],
		[302, "U1_24", 80, -270, "T", "DIP", "C4", "", "C", 66.9291, 66.9291, 40.1575, 40.1575, 270],
		[303, "U1_24", 80, -270, "B", "DIP", "C4", "", "C", 66.9291, 66.9291, 40.1575, 40.1575, 270],
		[304, "U1_24", 80, -305.4331, "B", "SMD", "C4", "", "R", 137.7953, 66.9291, 0, 0, 270],
		[305, "U1_25", -20, -270, "T", "DIP", "C3", "", "C", 66.9291, 66.9291, 40.1575, 40.1575, 270],
		[306, "U1_25", -20, -270, "B", "DIP", "C3", "", "C", 66.9291, 66.9291, 40.1575, 40.1575, 270],
		[307, "U1_25", -20, -305.4331, "B", "SMD", "C3", "", "R", 137.7953, 66.9291, 0, 0, 270],
		[308, "U1_26", -120, -270, "T", "DIP", "C2", "", "C", 66.9291, 66.9291, 40.1575, 40.1575, 270],
		[309, "U1_26", -120, -270, "B", "DIP", "C2", "", "C", 66.9291, 66.9291, 40.1575, 40.1575, 270],
		[310, "U1_26", -120, -305.4331, "B", "SMD", "C2", "", "R", 137.7953, 66.9291, 0, 0, 270],
		[311, "U1_27", -220, -270, "T", "DIP", "C1", "", "C", 66.9291, 66.9291, 40.1575, 40.1575, 270],
		[312, "U1_27", -220, -270, "B", "DIP", "C1", "", "C", 66.9291, 66.9291, 40.1575, 40.1575, 270],
		[313, "U1_27", -220, -305.4331, "B", "SMD", "C1", "", "R", 137.7953, 66.9291, 0, 0, 270],
		[314, "U1_28", -320, -270, "T", "DIP", "GND", "GND", "R", 66.9291, 66.9291, 40.1575, 40.1575, 270],
		[315, "U1_28", -320, -270, "B", "DIP", "GND", "GND", "R", 66.9291, 66.9291, 40.1575, 40.1575, 270],
		[316, "U1_28", -320, -305.4331, "B", "SMD", "GND", "GND", "R", 137.7953, 66.9291, 0, 0, 270],
		[317, "U1_29", -420, -270, "T", "DIP", "NET_45", "", "C", 66.9291, 66.9291, 40.1575, 40.1575, 270],
		[318, "U1_29", -420, -270, "B", "DIP", "NET_45", "", "C", 66.9291, 66.9291, 40.1575, 40.1575, 270],
		[319, "U1_29", -420, -305.4331, "B", "SMD", "NET_46", "", "R", 137.7953, 66.9291, 0, 0, 270],
		[320, "U1_30", -520, -270, "T", "DIP", "NET_47", "", "C", 66.9291, 66.9291, 40.1575, 40.1575, 270],
		[321, "U1_30", -520, -270, "B", "DIP", "NET_47", "", "C", 66.9291, 66.9291, 40.1575, 40.1575, 270],
		[322, "U1_30", -520, -305.4331, "B", "SMD", "NET_48", "", "R", 137.7953, 66.9291, 0, 0, 270],
		[323, "U1_31", -620, -270, "T", "DIP", "NET_49", "", "C", 66.9291, 66.9291, 40.1575, 40.1575, 270],
		[324, "U1_31", -620, -270, "B", "DIP", "NET_49", "", "C", 66.9291, 66.9291, 40.1575, 40.1575, 270],
		[325, "U1_31", -620, -305.4331, "B", "SMD", "NET_50", "", "R", 137.7953, 66.9291, 0, 0, 270],
		[326, "U1_32", -720, -270, "T", "DIP", "NET_51", "", "C", 66.9291, 66.9291, 40.1575, 40.1575, 270],
		[327, "U1_32", -720, -270, "B", "DIP", "NET_51", "", "C", 66.9291, 66.9291, 40.1575, 40.1575, 270],
		[328, "U1_32", -720, -305.4331, "B", "SMD", "NET_52", "", "R", 137.7953, 66.9291, 0, 0, 270],
		[329, "U1_33", -820, -270, "T", "DIP", "GND", "GND", "R", 66.9291, 66.9291, 40.1575, 40.1575, 270],
		[330, "U1_33", -820, -270, "B", "DIP", "GND", "GND", "R", 66.9291, 66.9291, 40.1575, 40.1575, 270],
		[331, "U1_33", -820, -305.4331, "B", "SMD", "GND", "GND", "R", 137.7953, 66.9291, 0, 0, 270],
		[332, "U1_34", -920, -270, "T", "DIP", "NET_53", "", "C", 66.9291, 66.9291, 40.1575, 40.1575, 270],
		[333, "U1_34", -920, -270, "B", "DIP", "NET_53", "", "C", 66.9291, 66.9291, 40.1575, 40.1575, 270],
		[334, "U1_34", -920, -305.4331, "B", "SMD", "NET_54", "", "R", 137.7953, 66.9291, 0, 0, 270],
		[335, "U1_35", -1020, -270, "T", "DIP", "NET_55", "", "C", 66.9291, 66.9291, 40.1575, 40.1575, 270],
		[336, "U1_35", -1020, -270, "B", "DIP", "NET_55", "", "C", 66.9291, 66.9291, 40.1575, 40.1575, 270],
		[337, "U1_35", -1020, -305.4331, "B", "SMD", "NET_56", "", "R", 137.7953, 66.9291, 0, 0, 270],
		[338, "U1_36", -1120, -270, "T", "DIP", "3V3", "", "C", 66.9291, 66.9291, 40.1575, 40.1575, 270],
		[339, "U1_36", -1120, -270, "B", "DIP", "3V3", "", "C", 66.9291, 66.9291, 40.1575, 40.1575, 270],
		[340, "U1_36", -1120, -305.4331, "B", "SMD", "3V3", "", "R", 137.7953, 66.9291, 0, 0, 270],
		[341, "U1_37", -1220, -270, "T", "DIP", "NET_57", "", "C", 66.9291, 66.9291, 40.1575, 40.1575, 270],
		[342, "U1_37", -1220, -270, "B", "DIP", "NET_57", "", "C", 66.9291, 66.9291, 40.1575, 40.1575, 270],
		[343, "U1_37", -1220, -305.4331, "B", "SMD", "NET_58", "", "R", 137.7953, 66.9291, 0, 0, 270],
		[344, "U1_38", -1320, -270, "T", "DIP", "GND", "GND", "R", 66.9291, 66.9291, 40.1575, 40.1575, 270],
		[345, "U1_38", -1320, -270, "B", "DIP", "GND", "GND", "R", 66.9291, 66.9291, 40.1575, 40.1575, 270],
		[346, "U1_38", -1320, -305.4331, "B", "SMD", "GND", "GND", "R", 137.7953, 66.9291, 0, 0, 270],
		[347, "U1_39", -1420, -270, "T", "DIP", "NET_59", "", "C", 66.9291, 66.9291, 40.1575, 40.1575, 270],
		[348, "U1_39", -1420, -270, "B", "DIP", "NET_59", "", "C", 66.9291, 66.9291, 40.1575, 40.1575, 270],
		[349, "U1_39", -1420, -305.4331, "B", "SMD", "NET_60", "", "R", 137.7953, 66.9291, 0, 0, 270],
		[350, "U1_40", -1520, -270, "T", "DIP", "+5V", "", "C", 66.9291, 66.9291, 40.1575, 40.1575, 270],
		[351, "U1_40", -1520, -270, "B", "DIP", "+5V", "", "C", 66.9291, 66.9291, 40.1575, 40.1575, 270],
		[352, "U1_40", -1520, -305.4331, "B", "SMD", "+5V", "", "R", 137.7953, 66.9291, 0, 0, 270],
		[353, "U1_41", 370.9449, 180, "T", "DIP", "NET_61", "", "C", 66.9291, 66.9291, 40.1575, 40.1575, 270],
		[354, "U1_41", 370.9449, 180, "B", "DIP", "NET_61", "", "C", 66.9291, 66.9291, 40.1575, 40.1575, 270],
		[355, "U1_41", 406.378, 180, "B", "SMD", "NET_62", "", "R", 137.7953, 66.9291, 0, 0, 180],
		[356, "U1_42", 370.9449, 80, "T", "DIP", "NET_63", "", "R", 66.9291, 66.9291, 40.1575, 40.1575, 270],
		[357, "U1_42", 370.9449, 80, "B", "DIP", "NET_63", "", "R", 66.9291, 66.9291, 40.1575, 40.1575, 270],
		[358, "U1_42", 406.378, 80, "B", "SMD", "NET_64", "", "R", 137.7953, 66.9291, 0, 0, 180],
		[359, "U1_43", 370.9449, -20, "T", "DIP", "NET_65", "", "C", 66.9291, 66.9291, 40.1575, 40.1575, 270],
		[360, "U1_43", 370.9449, -20, "B", "DIP", "NET_65", "", "C", 66.9291, 66.9291, 40.1575, 40.1575, 270],
		[361, "U1_43", 406.378, -20, "B", "SMD", "NET_66", "", "R", 137.7953, 66.9291, 0, 0, 180],
		[362, "PAD1_1", 480, 590, "T", "DIP", "3V3", "", "R", 59.055, 59.055, 39.37, 39.37, 180],
		[363, "PAD1_1", 480, 590, "B", "DIP", "3V3", "", "R", 59.055, 59.055, 39.37, 39.37, 180],
		[364, "PAD2_2", 380, 590, "T", "DIP", "GND", "GND", "C", 59.055, 59.055, 39.37, 39.37, 180],
		[365, "PAD2_2", 380, 590, "B", "DIP", "GND", "GND", "C", 59.055, 59.055, 39.37, 39.37, 180],
		[366, "PAD3_3", 280, 590, "T", "DIP", "DIN", "", "C", 59.055, 59.055, 39.37, 39.37, 180],
		[367, "PAD3_3", 280, 590, "B", "DIP", "DIN", "", "C", 59.055, 59.055, 39.37, 39.37, 180],
		[368, "PAD4_4", 180, 590, "T", "DIP", "CLK", "", "C", 59.055, 59.055, 39.37, 39.37, 180],
		[369, "PAD4_4", 180, 590, "B", "DIP", "CLK", "", "C", 59.055, 59.055, 39.37, 39.37, 180],
		[370, "PAD5_5", 80, 590, "T", "DIP", "CS", "", "C", 59.055, 59.055, 39.37, 39.37, 180],
		[371, "PAD5_5", 80, 590, "B", "DIP", "CS", "", "C", 59.055, 59.055, 39.37, 39.37, 180],
		[372, "PAD6_6", -20, 590, "T", "DIP", "DC", "", "C", 59.055, 59.055, 39.37, 39.37, 180],
		[373, "PAD6_6", -20, 590, "B", "DIP", "DC", "", "C", 59.055, 59.055, 39.37, 39.37, 180],
		[374, "PAD7_7", -120, 590, "T", "DIP", "RST", "", "C", 59.055, 59.055, 39.37, 39.37, 180],
		[375, "PAD7_7", -120, 590, "B", "DIP", "RST", "", "C", 59.055, 59.055, 39.37, 39.37, 180],
		[376, "PAD8_8", -220, 590, "T", "DIP", "BL", "", "C", 59.055, 59.055, 39.37, 39.37, 180],
		[377, "PAD8_8", -220, 590, "B", "DIP", "BL", "", "C", 59.055, 59.055, 39.37, 39.37, 180],
		[378, "PAD9_3", 620, -150, "T", "DIP", "+5V", "", "C", 66.929, 66.929, 43.308, 43.308, 270],
		[379, "PAD9_3", 620, -150, "B", "DIP", "+5V", "", "C", 66.929, 66.929, 43.308, 43.308, 270],
		[380, "PAD10_2", 620, -50, "T", "DIP", "TOUCH1", "", "C", 66.929, 66.929, 43.308, 43.308, 270],
		[381, "PAD10_2", 620, -50, "B", "DIP", "TOUCH1", "", "C", 66.929, 66.929, 43.308, 43.308, 270],
		[382, "PAD11_1", 620, 50, "T", "DIP", "GND", "GND", "R", 66.929, 66.929, 43.308, 43.308, 270],
		[383, "PAD11_1", 620, 50, "B", "DIP", "GND", "GND", "R", 66.929, 66.929, 43.308, 43.308, 270],
		[384, "PAD12_3", 730, -150, "T", "DIP", "+5V", "", "C", 66.929, 66.929, 43.308, 43.308, 270],
		[385, "PAD12_3", 730, -150, "B", "DIP", "+5V", "", "C", 66.929, 66.929, 43.308, 43.308, 270],
		[386, "PAD13_2", 730, -50, "T", "DIP", "TOUCH2", "", "C", 66.929, 66.929, 43.308, 43.308, 270],
		[387, "PAD13_2", 730, -50, "B", "DIP", "TOUCH2", "", "C", 66.929, 66.929, 43.308, 43.308, 270],
		[388, "PAD14_1", 730, 50, "T", "DIP", "GND", "GND", "R", 66.929, 66.929, 43.308, 43.308, 270],
		[389, "PAD14_1", 730, 50, "B", "DIP", "GND", "GND", "R", 66.929, 66.929, 43.308, 43.308, 270],
		[390, "PAD15_1", 0, -927.5, "T", "DIP", "R1", "", "C", 70.9, 70.9, 39.4, 39.4, 90],
		[391, "PAD15_1", 0, -927.5, "B", "DIP", "R1", "", "C", 70.9, 70.9, 39.4, 39.4, 90],
		[392, "PAD16_2", 0, -612.5, "T", "DIP", "$1N9257", "", "C", 70.9, 70.9, 39.4, 39.4, 90],
		[393, "PAD16_2", 0, -612.5, "B", "DIP", "$1N9257", "", "C", 70.9, 70.9, 39.4, 39.4, 90],
		[394, "PAD17_1", 750, -927.5, "T", "DIP", "R1", "", "C", 70.9, 70.9, 39.4, 39.4, 90],
		[395, "PAD17_1", 750, -927.5, "B", "DIP", "R1", "", "C", 70.9, 70.9, 39.4, 39.4, 90],
		[396, "PAD18_2", 750, -612.5, "T", "DIP", "$1N1027", "", "C", 70.9, 70.9, 39.4, 39.4, 90],
		[397, "PAD18_2", 750, -612.5, "B", "DIP", "$1N1027", "", "C", 70.9, 70.9, 39.4, 39.4, 90],
		[398, "PAD19_1", 1500, -927.5, "T", "DIP", "R1", "", "C", 70.9, 70.9, 39.4, 39.4, 90],
		[399, "PAD19_1", 1500, -927.5, "B", "DIP", "R1", "", "C", 70.9, 70.9, 39.4, 39.4, 90],
		[400, "PAD20_2", 1500, -612.5, "T", "DIP", "$1N4546", "", "C", 70.9, 70.9, 39.4, 39.4, 90],
		[401, "PAD20_2", 1500, -612.5, "B", "DIP", "$1N4546", "", "C", 70.9, 70.9, 39.4, 39.4, 90],
		[402, "PAD21_1", -750, -1677.5, "T", "DIP", "R2", "", "C", 70.9, 70.9, 39.4, 39.4, 90],
		[403, "PAD21_1", -750, -1677.5, "B", "DIP", "R2", "", "C", 70.9, 70.9, 39.4, 39.4, 90],
		[404, "PAD22_2", -750, -1362.5, "T", "DIP", "$1N4608", "", "C", 70.9, 70.9, 39.4, 39.4, 90],
		[405, "PAD22_2", -750, -1362.5, "B", "DIP", "$1N4608", "", "C", 70.9, 70.9, 39.4, 39.4, 90],
		[406, "PAD23_1", 0, -1677.5, "T", "DIP", "R2", "", "C", 70.9, 70.9, 39.4, 39.4, 90],
		[407, "PAD23_1", 0, -1677.5, "B", "DIP", "R2", "", "C", 70.9, 70.9, 39.4, 39.4, 90],
		[408, "PAD24_2", 0, -1362.5, "T", "DIP", "$1N4671", "", "C", 70.9, 70.9, 39.4, 39.4, 90],
		[409, "PAD24_2", 0, -1362.5, "B", "DIP", "$1N4671", "", "C", 70.9, 70.9, 39.4, 39.4, 90],
		[410, "PAD25_1", 750, -1677.5, "T", "DIP", "R2", "", "C", 70.9, 70.9, 39.4, 39.4, 90],
		[411, "PAD25_1", 750, -1677.5, "B", "DIP", "R2", "", "C", 70.9, 70.9, 39.4, 39.4, 90],
		[412, "PAD26_2", 750, -1362.5, "T", "DIP", "$1N4735", "", "C", 70.9, 70.9, 39.4, 39.4, 90],
		[413, "PAD26_2", 750, -1362.5, "B", "DIP", "$1N4735", "", "C", 70.9, 70.9, 39.4, 39.4, 90],
		[414, "PAD27_1", 1500, -1677.5, "T", "DIP", "R2", "", "C", 70.9, 70.9, 39.4, 39.4, 90],
		[415, "PAD27_1", 1500, -1677.5, "B", "DIP", "R2", "", "C", 70.9, 70.9, 39.4, 39.4, 90],
		[416, "PAD28_2", 1500, -1362.5, "T", "DIP", "$1N4798", "", "C", 70.9, 70.9, 39.4, 39.4, 90],
		[417, "PAD28_2", 1500, -1362.5, "B", "DIP", "$1N4798", "", "C", 70.9, 70.9, 39.4, 39.4, 90],
		[418, "PAD29_1", -750, -2427.5, "T", "DIP", "R3", "", "C", 70.9, 70.9, 39.4, 39.4, 90],
		[419, "PAD29_1", -750, -2427.5, "B", "DIP", "R3", "", "C", 70.9, 70.9, 39.4, 39.4, 90],
		[420, "PAD30_2", -750, -2112.5, "T", "DIP", "$1N4860", "", "C", 70.9, 70.9, 39.4, 39.4, 90],
		[421, "PAD30_2", -750, -2112.5, "B", "DIP", "$1N4860", "", "C", 70.9, 70.9, 39.4, 39.4, 90],
		[422, "PAD31_1", 0, -2427.5, "T", "DIP", "R3", "", "C", 70.9, 70.9, 39.4, 39.4, 90],
		[423, "PAD31_1", 0, -2427.5, "B", "DIP", "R3", "", "C", 70.9, 70.9, 39.4, 39.4, 90],
		[424, "PAD32_2", 0, -2112.5, "T", "DIP", "$1N5043", "", "C", 70.9, 70.9, 39.4, 39.4, 90],
		[425, "PAD32_2", 0, -2112.5, "B", "DIP", "$1N5043", "", "C", 70.9, 70.9, 39.4, 39.4, 90],
		[426, "PAD33_1", 750, -2427.5, "T", "DIP", "R3", "", "C", 70.9, 70.9, 39.4, 39.4, 90],
		[427, "PAD33_1", 750, -2427.5, "B", "DIP", "R3", "", "C", 70.9, 70.9, 39.4, 39.4, 90],
		[428, "PAD34_2", 750, -2112.5, "T", "DIP", "$1N5045", "", "C", 70.9, 70.9, 39.4, 39.4, 90],
		[429, "PAD34_2", 750, -2112.5, "B", "DIP", "$1N5045", "", "C", 70.9, 70.9, 39.4, 39.4, 90],
		[430, "PAD35_1", 1500, -2427.5, "T", "DIP", "R3", "", "C", 70.9, 70.9, 39.4, 39.4, 90],
		[431, "PAD35_1", 1500, -2427.5, "B", "DIP", "R3", "", "C", 70.9, 70.9, 39.4, 39.4, 90],
		[432, "PAD36_2", 1500, -2112.5, "T", "DIP", "$1N5047", "", "C", 70.9, 70.9, 39.4, 39.4, 90],
		[433, "PAD36_2", 1500, -2112.5, "B", "DIP", "$1N5047", "", "C", 70.9, 70.9, 39.4, 39.4, 90],
		[434, "PAD37_1", 1359.473, -290.284, "T", "DIP", "R4", "", "C", 70.9, 70.9, 39.4, 39.4, 180],
		[435, "PAD37_1", 1359.473, -290.284, "B", "DIP", "R4", "", "C", 70.9, 70.9, 39.4, 39.4, 180],
		[436, "PAD38_2", 1044.473, -290.284, "T", "DIP", "$1N9289", "", "C", 70.9, 70.9, 39.4, 39.4, 180],
		[437, "PAD38_2", 1044.473, -290.284, "B", "DIP", "$1N9289", "", "C", 70.9, 70.9, 39.4, 39.4, 180],
		[438, "PAD39_1", 1357.5, -160, "T", "DIP", "R4", "", "C", 70.9, 70.9, 39.4, 39.4, 180],
		[439, "PAD39_1", 1357.5, -160, "B", "DIP", "R4", "", "C", 70.9, 70.9, 39.4, 39.4, 180],
		[440, "PAD40_2", 1042.5, -160, "T", "DIP", "$1N9294", "", "C", 70.9, 70.9, 39.4, 39.4, 180],
		[441, "PAD40_2", 1042.5, -160, "B", "DIP", "$1N9294", "", "C", 70.9, 70.9, 39.4, 39.4, 180],
		[442, "PAD41_1", -750, -927.5, "T", "DIP", "R1", "", "C", 70.9, 70.9, 39.4, 39.4, 90],
		[443, "PAD41_1", -750, -927.5, "B", "DIP", "R1", "", "C", 70.9, 70.9, 39.4, 39.4, 90],
		[444, "PAD42_2", -750, -612.5, "T", "DIP", "$1N13677", "", "C", 70.9, 70.9, 39.4, 39.4, 90],
		[445, "PAD42_2", -750, -612.5, "B", "DIP", "$1N13677", "", "C", 70.9, 70.9, 39.4, 39.4, 90],
		[446, "PAD43_A", -1019.995, 595.435, "T", "DIP", "A1", "", "C", 70.866, 70.866, 51.182, 51.182, 180],
		[447, "PAD43_A", -1019.995, 595.435, "B", "DIP", "A1", "", "C", 70.866, 70.866, 51.182, 51.182, 180],
		[448, "PAD44_C", -1119.995, 595.435, "T", "DIP", "GND", "GND", "C", 70.866, 70.866, 51.182, 51.182, 180],
		[449, "PAD44_C", -1119.995, 595.435, "B", "DIP", "GND", "GND", "C", 70.866, 70.866, 51.182, 51.182, 180],
		[450, "PAD45_B", -1219.995, 595.435, "T", "DIP", "B1", "", "C", 70.866, 70.866, 51.182, 51.182, 180],
		[451, "PAD45_B", -1219.995, 595.435, "B", "DIP", "B1", "", "C", 70.866, 70.866, 51.182, 51.182, 180],
		[452, "PAD46_D", -1019.995, 24.565, "T", "DIP", "C1", "", "C", 70.866, 70.866, 51.182, 51.182, 180],
		[453, "PAD46_D", -1019.995, 24.565, "B", "DIP", "C1", "", "C", 70.866, 70.866, 51.182, 51.182, 180],
		[454, "PAD47_E", -1219.995, 24.565, "T", "DIP", "$1N9289", "", "C", 70.866, 70.866, 51.182, 51.182, 180],
		[455, "PAD47_E", -1219.995, 24.565, "B", "DIP", "$1N9289", "", "C", 70.866, 70.866, 51.182, 51.182, 180],
		[456, "PAD48_A", 1230.005, 595.435, "T", "DIP", "A2", "", "C", 70.866, 70.866, 51.182, 51.182, 180],
		[457, "PAD48_A", 1230.005, 595.435, "B", "DIP", "A2", "", "C", 70.866, 70.866, 51.182, 51.182, 180],
		[458, "PAD49_C", 1130.005, 595.435, "T", "DIP", "GND", "GND", "C", 70.866, 70.866, 51.182, 51.182, 180],
		[459, "PAD49_C", 1130.005, 595.435, "B", "DIP", "GND", "GND", "C", 70.866, 70.866, 51.182, 51.182, 180],
		[460, "PAD50_B", 1030.005, 595.435, "T", "DIP", "B2", "", "C", 70.866, 70.866, 51.182, 51.182, 180],
		[461, "PAD50_B", 1030.005, 595.435, "B", "DIP", "B2", "", "C", 70.866, 70.866, 51.182, 51.182, 180],
		[462, "PAD51_D", 1230.005, 24.565, "T", "DIP", "C2", "", "C", 70.866, 70.866, 51.182, 51.182, 180],
		[463, "PAD51_D", 1230.005, 24.565, "B", "DIP", "C2", "", "C", 70.866, 70.866, 51.182, 51.182, 180],
		[464, "PAD52_E", 1030.005, 24.565, "T", "DIP", "$1N9294", "", "C", 70.866, 70.866, 51.182, 51.182, 180],
		[465, "PAD52_E", 1030.005, 24.565, "B", "DIP", "$1N9294", "", "C", 70.866, 70.866, 51.182, 51.182, 180],
		[466, "PAD53_1", -1520, 430, "T", "DIP", "TOUCH2", "", "C", 66.9291, 66.9291, 40.1575, 40.1575, 270],
		[467, "PAD53_1", -1520, 430, "B", "DIP", "TOUCH2", "", "C", 66.9291, 66.9291, 40.1575, 40.1575, 270],
		[468, "PAD54_1", -1520, 465.4331, "B", "SMD", "TOUCH2", "", "R", 137.7953, 66.9291, 0, 0, 270],
		[469, "PAD55_2", -1420, 430, "T", "DIP", "TOUCH1", "", "C", 66.9291, 66.9291, 40.1575, 40.1575, 270],
		[470, "PAD55_2", -1420, 430, "B", "DIP", "TOUCH1", "", "C", 66.9291, 66.9291, 40.1575, 40.1575, 270],
		[471, "PAD56_2", -1420, 465.4331, "B", "SMD", "TOUCH1", "", "R", 137.7953, 66.9291, 0, 0, 270],
		[472, "PAD57_3", -1320, 430, "T", "DIP", "GND", "GND", "R", 66.9291, 66.9291, 40.1575, 40.1575, 270],
		[473, "PAD57_3", -1320, 430, "B", "DIP", "GND", "GND", "R", 66.9291, 66.9291, 40.1575, 40.1575, 270],
		[474, "PAD58_3", -1320, 465.4331, "B", "SMD", "GND", "GND", "R", 137.7953, 66.9291, 0, 0, 270],
		[475, "PAD59_4", -1220, 430, "T", "DIP", "R3", "", "C", 66.9291, 66.9291, 40.1575, 40.1575, 270],
		[476, "PAD59_4", -1220, 430, "B", "DIP", "R3", "", "C", 66.9291, 66.9291, 40.1575, 40.1575, 270],
		[477, "PAD60_4", -1220, 465.4331, "B", "SMD", "R3", "", "R", 137.7953, 66.9291, 0, 0, 270],
		[478, "PAD61_5", -1120, 430, "T", "DIP", "R2", "", "C", 66.9291, 66.9291, 40.1575, 40.1575, 270],
		[479, "PAD61_5", -1120, 430, "B", "DIP", "R2", "", "C", 66.9291, 66.9291, 40.1575, 40.1575, 270],
		[480, "PAD62_5", -1120, 465.4331, "B", "SMD", "R2", "", "R", 137.7953, 66.9291, 0, 0, 270],
		[481, "PAD63_6", -1020, 430, "T", "DIP", "R1", "", "C", 66.9291, 66.9291, 40.1575, 40.1575, 270],
		[482, "PAD63_6", -1020, 430, "B", "DIP", "R1", "", "C", 66.9291, 66.9291, 40.1575, 40.1575, 270],
		[483, "PAD64_6", -1020, 465.4331, "B", "SMD", "R1", "", "R", 137.7953, 66.9291, 0, 0, 270],
		[484, "PAD65_7", -920, 430, "T", "DIP", "R4", "", "C", 66.9291, 66.9291, 40.1575, 40.1575, 270],
		[485, "PAD65_7", -920, 430, "B", "DIP", "R4", "", "C", 66.9291, 66.9291, 40.1575, 40.1575, 270],
		[486, "PAD66_7", -920, 465.4331, "B", "SMD", "R4", "", "R", 137.7953, 66.9291, 0, 0, 270],
		[487, "PAD67_8", -820, 430, "T", "DIP", "GND", "GND", "R", 66.9291, 66.9291, 40.1575, 40.1575, 270],
		[488, "PAD67_8", -820, 430, "B", "DIP", "GND", "GND", "R", 66.9291, 66.9291, 40.1575, 40.1575, 270],
		[489, "PAD68_8", -820, 465.4331, "B", "SMD", "GND", "GND", "R", 137.7953, 66.9291, 0, 0, 270],
		[490, "PAD69_9", -720, 430, "T", "DIP", "A1", "", "C", 66.9291, 66.9291, 40.1575, 40.1575, 270],
		[491, "PAD69_9", -720, 430, "B", "DIP", "A1", "", "C", 66.9291, 66.9291, 40.1575, 40.1575, 270],
		[492, "PAD70_9", -720, 465.4331, "B", "SMD", "A1", "", "R", 137.7953, 66.9291, 0, 0, 270],
		[493, "PAD71_10", -620, 430, "T", "DIP", "B1", "", "C", 66.9291, 66.9291, 40.1575, 40.1575, 270],
		[494, "PAD71_10", -620, 430, "B", "DIP", "B1", "", "C", 66.9291, 66.9291, 40.1575, 40.1575, 270],
		[495, "PAD72_10", -620, 465.4331, "B", "SMD", "B1", "", "R", 137.7953, 66.9291, 0, 0, 270],
		[496, "PAD73_13", -320, 430, "T", "DIP", "GND", "GND", "R", 66.9291, 66.9291, 40.1575, 40.1575, 270],
		[497, "PAD73_13", -320, 430, "B", "DIP", "GND", "GND", "R", 66.9291, 66.9291, 40.1575, 40.1575, 270],
		[498, "PAD74_13", -320, 465.4331, "B", "SMD", "GND", "GND", "R", 137.7953, 66.9291, 0, 0, 270],
		[499, "PAD75_14", -220, 430, "T", "DIP", "BL", "", "C", 66.9291, 66.9291, 40.1575, 40.1575, 270],
		[500, "PAD75_14", -220, 430, "B", "DIP", "BL", "", "C", 66.9291, 66.9291, 40.1575, 40.1575, 270],
		[501, "PAD76_14", -220, 465.4331, "B", "SMD", "BL", "", "R", 137.7953, 66.9291, 0, 0, 270],
		[502, "PAD77_15", -120, 430, "T", "DIP", "RST", "", "C", 66.9291, 66.9291, 40.1575, 40.1575, 270],
		[503, "PAD77_15", -120, 430, "B", "DIP", "RST", "", "C", 66.9291, 66.9291, 40.1575, 40.1575, 270],
		[504, "PAD78_15", -120, 465.4331, "B", "SMD", "RST", "", "R", 137.7953, 66.9291, 0, 0, 270],
		[505, "PAD79_16", -20, 430, "T", "DIP", "DIN", "", "C", 66.9291, 66.9291, 40.1575, 40.1575, 270],
		[506, "PAD79_16", -20, 430, "B", "DIP", "DIN", "", "C", 66.9291, 66.9291, 40.1575, 40.1575, 270],
		[507, "PAD80_16", -20, 465.4331, "B", "SMD", "DIN", "", "R", 137.7953, 66.9291, 0, 0, 270],
		[508, "PAD81_17", 80, 430, "T", "DIP", "CLK", "", "C", 66.9291, 66.9291, 40.1575, 40.1575, 270],
		[509, "PAD81_17", 80, 430, "B", "DIP", "CLK", "", "C", 66.9291, 66.9291, 40.1575, 40.1575, 270],
		[510, "PAD82_17", 80, 465.4331, "B", "SMD", "CLK", "", "R", 137.7953, 66.9291, 0, 0, 270],
		[511, "PAD83_18", 180, 430, "T", "DIP", "GND", "GND", "R", 66.9291, 66.9291, 40.1575, 40.1575, 270],
		[512, "PAD83_18", 180, 430, "B", "DIP", "GND", "GND", "R", 66.9291, 66.9291, 40.1575, 40.1575, 270],
		[513, "PAD84_18", 180, 465.4331, "B", "SMD", "GND", "GND", "R", 137.7953, 66.9291, 0, 0, 270],
		[514, "PAD85_19", 280, 430, "T", "DIP", "A2", "", "C", 66.9291, 66.9291, 40.1575, 40.1575, 270],
		[515, "PAD85_19", 280, 430, "B", "DIP", "A2", "", "C", 66.9291, 66.9291, 40.1575, 40.1575, 270],
		[516, "PAD86_19", 280, 465.4331, "B", "SMD", "A2", "", "R", 137.7953, 66.9291, 0, 0, 270],
		[517, "PAD87_20", 380, 430, "T", "DIP", "B2", "", "C", 66.9291, 66.9291, 40.1575, 40.1575, 270],
		[518, "PAD87_20", 380, 430, "B", "DIP", "B2", "", "C", 66.9291, 66.9291, 40.1575, 40.1575, 270],
		[519, "PAD88_20", 380, 465.4331, "B", "SMD", "B2", "", "R", 137.7953, 66.9291, 0, 0, 270],
		[520, "PAD89_21", 380, -270, "T", "DIP", "CS", "", "C", 66.9291, 66.9291, 40.1575, 40.1575, 270],
		[521, "PAD89_21", 380, -270, "B", "DIP", "CS", "", "C", 66.9291, 66.9291, 40.1575, 40.1575, 270],
		[522, "PAD90_21", 380, -305.4331, "B", "SMD", "CS", "", "R", 137.7953, 66.9291, 0, 0, 270],
		[523, "PAD91_22", 280, -270, "T", "DIP", "DC", "", "C", 66.9291, 66.9291, 40.1575, 40.1575, 270],
		[524, "PAD91_22", 280, -270, "B", "DIP", "DC", "", "C", 66.9291, 66.9291, 40.1575, 40.1575, 270],
		[525, "PAD92_22", 280, -305.4331, "B", "SMD", "DC", "", "R", 137.7953, 66.9291, 0, 0, 270],
		[526, "PAD93_23", 180, -270, "T", "DIP", "GND", "GND", "R", 66.9291, 66.9291, 40.1575, 40.1575, 270],
		[527, "PAD93_23", 180, -270, "B", "DIP", "GND", "GND", "R", 66.9291, 66.9291, 40.1575, 40.1575, 270],
		[528, "PAD94_23", 180, -305.4331, "B", "SMD", "GND", "GND", "R", 137.7953, 66.9291, 0, 0, 270],
		[529, "PAD95_24", 80, -270, "T", "DIP", "C4", "", "C", 66.9291, 66.9291, 40.1575, 40.1575, 270],
		[530, "PAD95_24", 80, -270, "B", "DIP", "C4", "", "C", 66.9291, 66.9291, 40.1575, 40.1575, 270],
		[531, "PAD96_24", 80, -305.4331, "B", "SMD", "C4", "", "R", 137.7953, 66.9291, 0, 0, 270],
		[532, "PAD97_25", -20, -270, "T", "DIP", "C3", "", "C", 66.9291, 66.9291, 40.1575, 40.1575, 270],
		[533, "PAD97_25", -20, -270, "B", "DIP", "C3", "", "C", 66.9291, 66.9291, 40.1575, 40.1575, 270],
		[534, "PAD98_25", -20, -305.4331, "B", "SMD", "C3", "", "R", 137.7953, 66.9291, 0, 0, 270],
		[535, "PAD99_26", -120, -270, "T", "DIP", "C2", "", "C", 66.9291, 66.9291, 40.1575, 40.1575, 270],
		[536, "PAD99_26", -120, -270, "B", "DIP", "C2", "", "C", 66.9291, 66.9291, 40.1575, 40.1575, 270],
		[537, "PAD100_26", -120, -305.4331, "B", "SMD", "C2", "", "R", 137.7953, 66.9291, 0, 0, 270],
		[538, "PAD101_27", -220, -270, "T", "DIP", "C1", "", "C", 66.9291, 66.9291, 40.1575, 40.1575, 270],
		[539, "PAD101_27", -220, -270, "B", "DIP", "C1", "", "C", 66.9291, 66.9291, 40.1575, 40.1575, 270],
		[540, "PAD102_27", -220, -305.4331, "B", "SMD", "C1", "", "R", 137.7953, 66.9291, 0, 0, 270],
		[541, "PAD103_28", -320, -270, "T", "DIP", "GND", "GND", "R", 66.9291, 66.9291, 40.1575, 40.1575, 270],
		[542, "PAD103_28", -320, -270, "B", "DIP", "GND", "GND", "R", 66.9291, 66.9291, 40.1575, 40.1575, 270],
		[543, "PAD104_28", -320, -305.4331, "B", "SMD", "GND", "GND", "R", 137.7953, 66.9291, 0, 0, 270],
		[544, "PAD105_33", -820, -270, "T", "DIP", "GND", "GND", "R", 66.9291, 66.9291, 40.1575, 40.1575, 270],
		[545, "PAD105_33", -820, -270, "B", "DIP", "GND", "GND", "R", 66.9291, 66.9291, 40.1575, 40.1575, 270],
		[546, "PAD106_33", -820, -305.4331, "B", "SMD", "GND", "GND", "R", 137.7953, 66.9291, 0, 0, 270],
		[547, "PAD107_36", -1120, -270, "T", "DIP", "3V3", "", "C", 66.9291, 66.9291, 40.1575, 40.1575, 270],
		[548, "PAD107_36", -1120, -270, "B", "DIP", "3V3", "", "C", 66.9291, 66.9291, 40.1575, 40.1575, 270],
		[549, "PAD108_36", -1120, -305.4331, "B", "SMD", "3V3", "", "R", 137.7953, 66.9291, 0, 0, 270],
		[550, "PAD109_38", -1320, -270, "T", "DIP", "GND", "GND", "R", 66.9291, 66.9291, 40.1575, 40.1575, 270],
		[551, "PAD109_38", -1320, -270, "B", "DIP", "GND", "GND", "R", 66.9291, 66.9291, 40.1575, 40.1575, 270],
		[552, "PAD110_38", -1320, -305.4331, "B", "SMD", "GND", "GND", "R", 137.7953, 66.9291, 0, 0, 270],
		[553, "PAD111_40", -1520, -270, "T", "DIP", "+5V", "", "C", 66.9291, 66.9291, 40.1575, 40.1575, 270],
		[554, "PAD111_40", -1520, -270, "B", "DIP", "+5V", "", "C", 66.9291, 66.9291, 40.1575, 40.1575, 270],
		[555, "PAD112_40", -1520, -305.4331, "B", "SMD", "+5V", "", "R", 137.7953, 66.9291, 0, 0, 270],
		[556, "PAD113_1", -1275, -710, "T", "DIP", "C1", "", "C", 98.4252, 98.4252, 59.0551, 59.0551, 0],
		[557, "PAD113_1", -1275, -710, "B", "DIP", "C1", "", "C", 98.4252, 98.4252, 59.0551, 59.0551, 0],
		[558, "PAD114_2", -1025, -610, "T", "DIP", "$1N13677", "", "C", 98.4252, 98.4252, 59.0551, 59.0551, 0],
		[559, "PAD114_2", -1025, -610, "B", "DIP", "$1N13677", "", "C", 98.4252, 98.4252, 59.0551, 59.0551, 0],
		[560, "PAD115_1", -525, -710, "T", "DIP", "C2", "", "C", 98.4252, 98.4252, 59.0551, 59.0551, 0],
		[561, "PAD115_1", -525, -710, "B", "DIP", "C2", "", "C", 98.4252, 98.4252, 59.0551, 59.0551, 0],
		[562, "PAD116_2", -275, -610, "T", "DIP", "$1N9257", "", "C", 98.4252, 98.4252, 59.0551, 59.0551, 0],
		[563, "PAD116_2", -275, -610, "B", "DIP", "$1N9257", "", "C", 98.4252, 98.4252, 59.0551, 59.0551, 0],
		[564, "PAD117_1", 225, -710, "T", "DIP", "C3", "", "C", 98.4252, 98.4252, 59.0551, 59.0551, 0],
		[565, "PAD117_1", 225, -710, "B", "DIP", "C3", "", "C", 98.4252, 98.4252, 59.0551, 59.0551, 0],
		[566, "PAD118_2", 475, -610, "T", "DIP", "$1N1027", "", "C", 98.4252, 98.4252, 59.0551, 59.0551, 0],
		[567, "PAD118_2", 475, -610, "B", "DIP", "$1N1027", "", "C", 98.4252, 98.4252, 59.0551, 59.0551, 0],
		[568, "PAD119_1", 975, -710, "T", "DIP", "C4", "", "C", 98.4252, 98.4252, 59.0551, 59.0551, 0],
		[569, "PAD119_1", 975, -710, "B", "DIP", "C4", "", "C", 98.4252, 98.4252, 59.0551, 59.0551, 0],
		[570, "PAD120_2", 1225, -610, "T", "DIP", "$1N4546", "", "C", 98.4252, 98.4252, 59.0551, 59.0551, 0],
		[571, "PAD120_2", 1225, -610, "B", "DIP", "$1N4546", "", "C", 98.4252, 98.4252, 59.0551, 59.0551, 0],
		[572, "PAD121_1", -1275, -1460, "T", "DIP", "C1", "", "C", 98.4252, 98.4252, 59.0551, 59.0551, 0],
		[573, "PAD121_1", -1275, -1460, "B", "DIP", "C1", "", "C", 98.4252, 98.4252, 59.0551, 59.0551, 0],
		[574, "PAD122_2", -1025, -1360, "T", "DIP", "$1N4608", "", "C", 98.4252, 98.4252, 59.0551, 59.0551, 0],
		[575, "PAD122_2", -1025, -1360, "B", "DIP", "$1N4608", "", "C", 98.4252, 98.4252, 59.0551, 59.0551, 0],
		[576, "PAD123_1", -525, -1460, "T", "DIP", "C2", "", "C", 98.4252, 98.4252, 59.0551, 59.0551, 0],
		[577, "PAD123_1", -525, -1460, "B", "DIP", "C2", "", "C", 98.4252, 98.4252, 59.0551, 59.0551, 0],
		[578, "PAD124_2", -275, -1360, "T", "DIP", "$1N4671", "", "C", 98.4252, 98.4252, 59.0551, 59.0551, 0],
		[579, "PAD124_2", -275, -1360, "B", "DIP", "$1N4671", "", "C", 98.4252, 98.4252, 59.0551, 59.0551, 0],
		[580, "PAD125_1", 225, -1460, "T", "DIP", "C3", "", "C", 98.4252, 98.4252, 59.0551, 59.0551, 0],
		[581, "PAD125_1", 225, -1460, "B", "DIP", "C3", "", "C", 98.4252, 98.4252, 59.0551, 59.0551, 0],
		[582, "PAD126_2", 475, -1360, "T", "DIP", "$1N4735", "", "C", 98.4252, 98.4252, 59.0551, 59.0551, 0],
		[583, "PAD126_2", 475, -1360, "B", "DIP", "$1N4735", "", "C", 98.4252, 98.4252, 59.0551, 59.0551, 0],
		[584, "PAD127_1", 975, -1460, "T", "DIP", "C4", "", "C", 98.4252, 98.4252, 59.0551, 59.0551, 0],
		[585, "PAD127_1", 975, -1460, "B", "DIP", "C4", "", "C", 98.4252, 98.4252, 59.0551, 59.0551, 0],
		[586, "PAD128_2", 1225, -1360, "T", "DIP", "$1N4798", "", "C", 98.4252, 98.4252, 59.0551, 59.0551, 0],
		[587, "PAD128_2", 1225, -1360, "B", "DIP", "$1N4798", "", "C", 98.4252, 98.4252, 59.0551, 59.0551, 0],
		[588, "PAD129_1", -1275, -2210, "T", "DIP", "C1", "", "C", 98.4252, 98.4252, 59.0551, 59.0551, 0],
		[589, "PAD129_1", -1275, -2210, "B", "DIP", "C1", "", "C", 98.4252, 98.4252, 59.0551, 59.0551, 0],
		[590, "PAD130_2", -1025, -2110, "T", "DIP", "$1N4860", "", "C", 98.4252, 98.4252, 59.0551, 59.0551, 0],
		[591, "PAD130_2", -1025, -2110, "B", "DIP", "$1N4860", "", "C", 98.4252, 98.4252, 59.0551, 59.0551, 0],
		[592, "PAD131_1", -525, -2210, "T", "DIP", "C2", "", "C", 98.4252, 98.4252, 59.0551, 59.0551, 0],
		[593, "PAD131_1", -525, -2210, "B", "DIP", "C2", "", "C", 98.4252, 98.4252, 59.0551, 59.0551, 0],
		[594, "PAD132_2", -275, -2110, "T", "DIP", "$1N5043", "", "C", 98.4252, 98.4252, 59.0551, 59.0551, 0],
		[595, "PAD132_2", -275, -2110, "B", "DIP", "$1N5043", "", "C", 98.4252, 98.4252, 59.0551, 59.0551, 0],
		[596, "PAD133_1", 225, -2210, "T", "DIP", "C3", "", "C", 98.4252, 98.4252, 59.0551, 59.0551, 0],
		[597, "PAD133_1", 225, -2210, "B", "DIP", "C3", "", "C", 98.4252, 98.4252, 59.0551, 59.0551, 0],
		[598, "PAD134_2", 475, -2110, "T", "DIP", "$1N5045", "", "C", 98.4252, 98.4252, 59.0551, 59.0551, 0],
		[599, "PAD134_2", 475, -2110, "B", "DIP", "$1N5045", "", "C", 98.4252, 98.4252, 59.0551, 59.0551, 0],
		[600, "PAD135_1", 975, -2210, "T", "DIP", "C4", "", "C", 98.4252, 98.4252, 59.0551, 59.0551, 0],
		[601, "PAD135_1", 975, -2210, "B", "DIP", "C4", "", "C", 98.4252, 98.4252, 59.0551, 59.0551, 0],
		[602, "PAD136_2", 1225, -2110, "T", "DIP", "$1N5047", "", "C", 98.4252, 98.4252, 59.0551, 59.0551, 0],
		[603, "PAD136_2", 1225, -2110, "B", "DIP", "$1N5047", "", "C", 98.4252, 98.4252, 59.0551, 59.0551, 0]
	]
}
}